{"pagination":{"limit":100,"offset":0,"count":100,"total":235535},"data":[{"flight_date":"2025-02-03","flight_status":"diverted","departure":{"airport":"Forest Hill","timezone":"Australia\/Sydney","iata":"WGA","icao":"YSWG","terminal":null,"gate":null,"delay":null,"scheduled":"2025-02-03T09:30:00+00:00","estimated":"2025-02-03T09:30:00+00:00","actual":"2025-02-02T09:33:00+00:00","estimated_runway":"2025-02-02T09:33:00+00:00","actual_runway":"2025-02-02T09:33:00+00:00"},"arrival":{"airport":"Forest Hill","timezone":"Australia\/Sydney","iata":"WGA","icao":"YSWG","terminal":null,"gate":null,"baggage":null,"delay":null,"scheduled":"2025-02-02T12:30:00+00:00","estimated":"2025-02-02T12:30:00+00:00","actual":null,"estimated_runway":null,"actual_runway":null},"airline":{"name":"empty","iata":null,"icao":null},"flight":{"number":null,"iata":null,"icao":null,"codeshared":null},"aircraft":null,"live":null},{"flight_date":"2025-02-02","flight_status":"landed","departure":{"airport":"Abha","timezone":"Asia\/Riyadh","iata":"AHB","icao":"OEAB","terminal":null,"gate":null,"delay":1,"scheduled":"2025-02-02T08:45:00+00:00","estimated":"2025-02-02T08:45:00+00:00","actual":null,"estimated_runway":null,"actual_runway":null},"arrival":{"airport":"King Khaled International","timezone":"Asia\/Riyadh","iata":"RUH","icao":"OERK","terminal":"5","gate":null,"baggage":null,"delay":null,"scheduled":"2025-02-02T10:20:00+00:00","estimated":"2025-02-02T10:20:00+00:00","actual":null,"estimated_runway":null,"actual_runway":null},"airline":{"name":"flynas","iata":"XY","icao":"KNE"},"flight":{"number":"82","iata":"XY82","icao":"KNE82","codeshared":null},"aircraft":{"registration":"VP-CXT","iata":"A320","icao":"A320","icao24":"424199"},"live":null},{"flight_date":"2025-02-02","flight_status":"scheduled","departure":{"airport":"Aeroporto Internacional Guarulhos","timezone":"America\/Sao_Paulo","iata":"GRU","icao":"SBGR","terminal":"2","gate":"E","delay":22,"scheduled":"2025-02-02T08:20:00+00:00","estimated":"2025-02-02T08:20:00+00:00","actual":null,"estimated_runway":null,"actual_runway":null},"arrival":{"airport":"Sao Jose Do Rio Preto","timezone":"America\/Sao_Paulo","iata":"SJP","icao":"SBSR","terminal":null,"gate":null,"baggage":null,"delay":null,"scheduled":"2025-02-02T09:25:00+00:00","estimated":"2025-02-02T09:25:00+00:00","actual":null,"estimated_runway":null,"actual_runway":null},"airline":{"name":"Qatar Airways","iata":"QR","icao":"QTR"},"flight":{"number":"8463","iata":"QR8463","icao":"QTR8463","codeshared":{"airline_name":"latam airlines","airline_iata":"la","airline_icao":"lan","flight_number":"4666","flight_iata":"la4666","flight_icao":"lan4666"}},"aircraft":null,"live":null},{"flight_date":"2025-02-02","flight_status":"landed","departure":{"airport":"Vaasa","timezone":"Europe\/Helsinki","iata":"VAA","icao":"EFVA","terminal":null,"gate":null,"delay":6,"scheduled":"2025-02-02T05:20:00+00:00","estimated":"2025-02-02T05:20:00+00:00","actual":"2025-02-02T05:16:00+00:00","estimated_runway":"2025-02-02T05:16:00+00:00","actual_runway":"2025-02-02T05:16:00+00:00"},"arrival":{"airport":"Helsinki-vantaa","timezone":"Europe\/Helsinki","iata":"HEL","icao":"EFHK","terminal":"MAIN","gate":"11","baggage":"10","delay":null,"scheduled":"2025-02-02T06:25:00+00:00","estimated":"2025-02-02T06:25:00+00:00","actual":"2025-02-02T06:06:00+00:00","estimated_runway":"2025-02-02T06:06:00+00:00","actual_runway":"2025-02-02T06:06:00+00:00"},"airline":{"name":"Finnair","iata":"AY","icao":"FIN"},"flight":{"number":"322","iata":"AY322","icao":"FIN322","codeshared":null},"aircraft":{"registration":"OH-ATH","iata":"AT75","icao":"AT75","icao24":"4601F5"},"live":null},{"flight_date":"2025-02-02","flight_status":"active","departure":{"airport":"Shenyang","timezone":"Asia\/Shanghai","iata":"SHE","icao":"ZYTX","terminal":null,"gate":"19","delay":5,"scheduled":"2025-02-02T09:15:00+00:00","estimated":"2025-02-02T09:15:00+00:00","actual":"2025-02-02T09:19:00+00:00","estimated_runway":"2025-02-02T09:19:00+00:00","actual_runway":"2025-02-02T09:19:00+00:00"},"arrival":{"airport":"Kunming","timezone":"Asia\/Shanghai","iata":"KMG","icao":"ZPPP","terminal":null,"gate":null,"baggage":"13","delay":null,"scheduled":"2025-02-02T14:20:00+00:00","estimated":"2025-02-02T14:20:00+00:00","actual":null,"estimated_runway":null,"actual_runway":null},"airline":{"name":"Sichuan Airlines","iata":"3U","icao":"CSC"},"flight":{"number":"1445","iata":"3U1445","icao":"CSC1445","codeshared":{"airline_name":"china southern airlines","airline_iata":"cz","airline_icao":"csn","flight_number":"5365","flight_iata":"cz5365","flight_icao":"csn5365"}},"aircraft":null,"live":null},{"flight_date":"2025-02-02","flight_status":"active","departure":{"airport":"Netaji Subhas Chandra","timezone":"Asia\/Kolkata","iata":"CCU","icao":"VECC","terminal":null,"gate":null,"delay":null,"scheduled":"2025-02-02T04:55:00+00:00","estimated":"2025-02-02T04:55:00+00:00","actual":"2025-02-02T04:55:00+00:00","estimated_runway":"2025-02-02T04:55:00+00:00","actual_runway":"2025-02-02T04:55:00+00:00"},"arrival":{"airport":"Bangalore International Airport","timezone":"Asia\/Kolkata","iata":"BLR","icao":"VOBL","terminal":"1","gate":"35","baggage":"06A","delay":null,"scheduled":"2025-02-02T07:40:00+00:00","estimated":"2025-02-02T07:40:00+00:00","actual":null,"estimated_runway":null,"actual_runway":null},"airline":{"name":"Jet Linx Aviation","iata":"JL","icao":"JTL"},"flight":{"number":"9776","iata":"JL9776","icao":"JTL9776","codeshared":{"airline_name":"indigo","airline_iata":"6e","airline_icao":"igo","flight_number":"6438","flight_iata":"6e6438","flight_icao":"igo6438"}},"aircraft":null,"live":null},{"flight_date":"2025-02-02","flight_status":"scheduled","departure":{"airport":"Netaji Subhas Chandra","timezone":"Asia\/Kolkata","iata":"CCU","icao":"VECC","terminal":null,"gate":null,"delay":49,"scheduled":"2025-02-02T03:50:00+00:00","estimated":"2025-02-02T03:50:00+00:00","actual":"2025-02-02T04:39:00+00:00","estimated_runway":"2025-02-02T04:39:00+00:00","actual_runway":"2025-02-02T04:39:00+00:00"},"arrival":{"airport":"Abu Dhabi International","timezone":"Asia\/Dubai","iata":"AUH","icao":"OMAA","terminal":"TA","gate":"B26A","baggage":null,"delay":18,"scheduled":"2025-02-02T08:00:00+00:00","estimated":"2025-02-02T08:00:00+00:00","actual":null,"estimated_runway":null,"actual_runway":null},"airline":{"name":"Etihad Airways","iata":"EY","icao":"ETD"},"flight":{"number":"221","iata":"EY221","icao":"ETD221","codeshared":null},"aircraft":{"registration":"A6-EIU","iata":"A320","icao":"A320","icao24":"896388"},"live":{"updated":"2025-02-02T03:40:45+00:00","latitude":22.6793,"longitude":58.6653,"altitude":10972.8,"direction":265,"speed_horizontal":681.536,"speed_vertical":0,"is_ground":false}},{"flight_date":"2025-02-02","flight_status":"scheduled","departure":{"airport":"Netaji Subhas Chandra","timezone":"Asia\/Kolkata","iata":"CCU","icao":"VECC","terminal":null,"gate":null,"delay":49,"scheduled":"2025-02-02T03:50:00+00:00","estimated":"2025-02-02T03:50:00+00:00","actual":"2025-02-02T04:39:00+00:00","estimated_runway":"2025-02-02T04:39:00+00:00","actual_runway":"2025-02-02T04:39:00+00:00"},"arrival":{"airport":"Abu Dhabi International","timezone":"Asia\/Dubai","iata":"AUH","icao":"OMAA","terminal":"TA","gate":"B26A","baggage":null,"delay":18,"scheduled":"2025-02-02T08:00:00+00:00","estimated":"2025-02-02T08:00:00+00:00","actual":null,"estimated_runway":null,"actual_runway":null},"airline":{"name":"KLM","iata":"KL","icao":"KLM"},"flight":{"number":"3921","iata":"KL3921","icao":"KLM3921","codeshared":{"airline_name":"etihad airways","airline_iata":"ey","airline_icao":"etd","flight_number":"221","flight_iata":"ey221","flight_icao":"etd221"}},"aircraft":null,"live":null},{"flight_date":"2025-02-02","flight_status":"landed","departure":{"airport":"Dubai","timezone":"Asia\/Dubai","iata":"DXB","icao":"OMDB","terminal":"1","gate":"D12","delay":13,"scheduled":"2025-02-02T02:25:00+00:00","estimated":"2025-02-02T02:25:00+00:00","actual":"2025-02-02T02:37:00+00:00","estimated_runway":"2025-02-02T02:37:00+00:00","actual_runway":"2025-02-02T02:37:00+00:00"},"arrival":{"airport":"King Khaled International","timezone":"Asia\/Riyadh","iata":"RUH","icao":"OERK","terminal":"4","gate":null,"baggage":null,"delay":null,"scheduled":"2025-02-02T03:35:00+00:00","estimated":"2025-02-02T03:35:00+00:00","actual":"2025-02-02T03:22:00+00:00","estimated_runway":"2025-02-02T03:22:00+00:00","actual_runway":"2025-02-02T03:22:00+00:00"},"airline":{"name":"Saudia","iata":"SV","icao":"SVA"},"flight":{"number":"585","iata":"SV585","icao":"SVA585","codeshared":null},"aircraft":{"registration":"HZ-AS78","iata":"A320","icao":"A320","icao24":"710500"},"live":null},{"flight_date":"2025-02-02","flight_status":"active","departure":{"airport":"Adelaide International Airport","timezone":"Australia\/Adelaide","iata":"ADL","icao":"YPAD","terminal":"1","gate":"22","delay":9,"scheduled":"2025-02-02T12:55:00+00:00","estimated":"2025-02-02T12:55:00+00:00","actual":"2025-02-02T13:04:00+00:00","estimated_runway":"2025-02-02T13:04:00+00:00","actual_runway":"2025-02-02T13:04:00+00:00"},"arrival":{"airport":"Sydney Kingsford Smith Airport","timezone":"Australia\/Sydney","iata":"SYD","icao":"YSSY","terminal":"3","gate":"2","baggage":"QFR","delay":null,"scheduled":"2025-02-02T15:20:00+00:00","estimated":"2025-02-02T15:20:00+00:00","actual":null,"estimated_runway":null,"actual_runway":null},"airline":{"name":"Cathay Pacific","iata":"CX","icao":"CPA"},"flight":{"number":"9010","iata":"CX9010","icao":"CPA9010","codeshared":{"airline_name":"qantas","airline_iata":"qf","airline_icao":"qfa","flight_number":"740","flight_iata":"qf740","flight_icao":"qfa740"}},"aircraft":null,"live":null},{"flight_date":"2025-02-02","flight_status":"scheduled","departure":{"airport":"Shanghai","timezone":"Asia\/Shanghai","iata":"HFE","icao":"ZSOF","terminal":null,"gate":"A09","delay":null,"scheduled":"2025-02-02T18:40:00+00:00","estimated":"2025-02-02T18:40:00+00:00","actual":null,"estimated_runway":null,"actual_runway":null},"arrival":{"airport":"Guangzhou Baiyun International","timezone":"Asia\/Shanghai","iata":"CAN","icao":"ZGGG","terminal":"1","gate":null,"baggage":"22","delay":null,"scheduled":"2025-02-02T20:50:00+00:00","estimated":"2025-02-02T20:50:00+00:00","actual":null,"estimated_runway":null,"actual_runway":null},"airline":{"name":"Shandong Airlines","iata":"SC","icao":"CDG"},"flight":{"number":"9494","iata":"SC9494","icao":"CDG9494","codeshared":{"airline_name":"shenzhen airlines","airline_iata":"zh","airline_icao":"csz","flight_number":"9988","flight_iata":"zh9988","flight_icao":"csz9988"}},"aircraft":null,"live":null},{"flight_date":"2025-02-02","flight_status":"scheduled","departure":{"airport":"Kaunas","timezone":"Europe\/Vilnius","iata":"KUN","icao":"EYKA","terminal":null,"gate":null,"delay":5,"scheduled":"2025-02-02T06:30:00+00:00","estimated":"2025-02-02T06:30:00+00:00","actual":null,"estimated_runway":null,"actual_runway":null},"arrival":{"airport":"Kuwait International","timezone":"Asia\/Kuwait","iata":"KWI","icao":"OKKK","terminal":"5","gate":null,"baggage":null,"delay":null,"scheduled":"2025-02-02T12:37:00+00:00","estimated":"2025-02-02T12:37:00+00:00","actual":null,"estimated_runway":null,"actual_runway":null},"airline":{"name":"Atlas Air","iata":"5Y","icao":"GTI"},"flight":{"number":null,"iata":"5Y","icao":"GTI","codeshared":null},"aircraft":null,"live":null},{"flight_date":"2025-02-02","flight_status":"landed","departure":{"airport":"Borjhar","timezone":"Asia\/Kolkata","iata":"GAU","icao":"VEGT","terminal":null,"gate":null,"delay":1,"scheduled":"2025-02-02T09:10:00+00:00","estimated":"2025-02-02T09:10:00+00:00","actual":null,"estimated_runway":null,"actual_runway":null},"arrival":{"airport":"Netaji Subhas Chandra","timezone":"Asia\/Kolkata","iata":"CCU","icao":"VECC","terminal":"2","gate":null,"baggage":null,"delay":null,"scheduled":"2025-02-02T10:35:00+00:00","estimated":"2025-02-02T10:35:00+00:00","actual":null,"estimated_runway":null,"actual_runway":null},"airline":{"name":"IndiGo","iata":"6E","icao":"IGO"},"flight":{"number":"213","iata":"6E213","icao":"IGO213","codeshared":null},"aircraft":{"registration":"VT-IXK","iata":"A20N","icao":"A20N","icao24":"8016DA"},"live":null},{"flight_date":"2025-02-02","flight_status":"landed","departure":{"airport":"Haikou","timezone":"Asia\/Shanghai","iata":"HAK","icao":"ZJHK","terminal":"2","gate":"45R","delay":10,"scheduled":"2025-02-02T10:40:00+00:00","estimated":"2025-02-02T10:40:00+00:00","actual":"2025-02-02T10:50:00+00:00","estimated_runway":"2025-02-02T10:50:00+00:00","actual_runway":"2025-02-02T10:50:00+00:00"},"arrival":{"airport":"Singapore Changi","timezone":"Asia\/Singapore","iata":"SIN","icao":"WSSS","terminal":"1","gate":"C19","baggage":"10","delay":null,"scheduled":"2025-02-02T14:30:00+00:00","estimated":"2025-02-02T14:30:00+00:00","actual":"2025-02-02T13:53:00+00:00","estimated_runway":"2025-02-02T13:53:00+00:00","actual_runway":"2025-02-02T13:53:00+00:00"},"airline":{"name":"Singapore Airlines","iata":"SQ","icao":"SIA"},"flight":{"number":"8313","iata":"SQ8313","icao":"SIA8313","codeshared":{"airline_name":"scoot","airline_iata":"tr","airline_icao":"tgw","flight_number":"119","flight_iata":"tr119","flight_icao":"tgw119"}},"aircraft":null,"live":null},{"flight_date":"2025-02-02","flight_status":"landed","departure":{"airport":"Doha International","timezone":"Asia\/Qatar","iata":"DOH","icao":"OTHH","terminal":null,"gate":"C59","delay":18,"scheduled":"2025-02-02T01:50:00+00:00","estimated":"2025-02-02T01:50:00+00:00","actual":"2025-02-02T02:07:00+00:00","estimated_runway":"2025-02-02T02:07:00+00:00","actual_runway":"2025-02-02T02:07:00+00:00"},"arrival":{"airport":"Seeb","timezone":"Asia\/Muscat","iata":"MCT","icao":"OOMS","terminal":"1","gate":null,"baggage":null,"delay":null,"scheduled":"2025-02-02T04:25:00+00:00","estimated":"2025-02-02T04:25:00+00:00","actual":"2025-02-02T04:12:00+00:00","estimated_runway":"2025-02-02T04:12:00+00:00","actual_runway":"2025-02-02T04:12:00+00:00"},"airline":{"name":"British Airways","iata":"BA","icao":"BAW"},"flight":{"number":"6368","iata":"BA6368","icao":"BAW6368","codeshared":{"airline_name":"qatar airways","airline_iata":"qr","airline_icao":"qtr","flight_number":"1148","flight_iata":"qr1148","flight_icao":"qtr1148"}},"aircraft":null,"live":null},{"flight_date":"2025-02-02","flight_status":"landed","departure":{"airport":"Shanghai Pudong International","timezone":"Asia\/Shanghai","iata":"PVG","icao":"ZSPD","terminal":"2","gate":"C223","delay":8,"scheduled":"2025-02-02T07:15:00+00:00","estimated":"2025-02-02T07:15:00+00:00","actual":"2025-02-02T07:23:00+00:00","estimated_runway":"2025-02-02T07:23:00+00:00","actual_runway":"2025-02-02T07:23:00+00:00"},"arrival":{"airport":"Qingdao","timezone":"Asia\/Shanghai","iata":"TAO","icao":"ZSQD","terminal":"1","gate":null,"baggage":"15","delay":null,"scheduled":"2025-02-02T09:00:00+00:00","estimated":"2025-02-02T09:00:00+00:00","actual":"2025-02-02T08:34:00+00:00","estimated_runway":"2025-02-02T08:34:00+00:00","actual_runway":"2025-02-02T08:34:00+00:00"},"airline":{"name":"Air China LTD","iata":"CA","icao":"CCA"},"flight":{"number":"3233","iata":"CA3233","icao":"CCA3233","codeshared":{"airline_name":"juneyao airlines","airline_iata":"ho","airline_icao":"dkh","flight_number":"1075","flight_iata":"ho1075","flight_icao":"dkh1075"}},"aircraft":null,"live":null},{"flight_date":"2025-02-02","flight_status":"landed","departure":{"airport":"Larnaca","timezone":"Asia\/Nicosia","iata":"LCA","icao":"LCLK","terminal":null,"gate":null,"delay":20,"scheduled":"2025-02-02T06:20:00+00:00","estimated":"2025-02-02T06:20:00+00:00","actual":"2025-02-02T06:40:00+00:00","estimated_runway":"2025-02-02T06:40:00+00:00","actual_runway":"2025-02-02T06:40:00+00:00"},"arrival":{"airport":"Macedonia International","timezone":"Europe\/Athens","iata":"SKG","icao":"LGTS","terminal":null,"gate":null,"baggage":null,"delay":1,"scheduled":"2025-02-02T08:35:00+00:00","estimated":"2025-02-02T08:35:00+00:00","actual":"2025-02-02T08:36:00+00:00","estimated_runway":"2025-02-02T08:36:00+00:00","actual_runway":"2025-02-02T08:36:00+00:00"},"airline":{"name":"Wizz Air","iata":"W6","icao":"WZZ"},"flight":{"number":"4631","iata":"W64631","icao":"WZZ4631","codeshared":null},"aircraft":{"registration":"HA-LXC","iata":"A321","icao":"A321","icao24":"471F64"},"live":null},{"flight_date":"2025-02-02","flight_status":"scheduled","departure":{"airport":"King Khaled International","timezone":"Asia\/Riyadh","iata":"RUH","icao":"OERK","terminal":"3","gate":null,"delay":null,"scheduled":"2025-02-02T08:35:00+00:00","estimated":"2025-02-02T08:35:00+00:00","actual":null,"estimated_runway":null,"actual_runway":null},"arrival":{"airport":"Cairo International Airport","timezone":"Africa\/Cairo","iata":"CAI","icao":"HECA","terminal":"1","gate":null,"baggage":null,"delay":null,"scheduled":"2025-02-02T10:40:00+00:00","estimated":"2025-02-02T10:40:00+00:00","actual":null,"estimated_runway":null,"actual_runway":null},"airline":{"name":"Nile Air","iata":"NP","icao":"NIA"},"flight":{"number":"152","iata":"NP152","icao":"NIA152","codeshared":null},"aircraft":{"registration":"SU-BQN","iata":"A321","icao":"A321","icao24":"0101C8"},"live":{"updated":"2025-02-02T08:28:40+00:00","latitude":28.2483,"longitude":33.8528,"altitude":9753.6,"direction":313,"speed_horizontal":661.164,"speed_vertical":0,"is_ground":false}},{"flight_date":"2025-02-02","flight_status":null,"departure":{"airport":"Suvarnabhumi International","timezone":"Asia\/Bangkok","iata":"BKK","icao":"VTBS","terminal":null,"gate":"A5","delay":130,"scheduled":"2025-02-02T10:30:00+00:00","estimated":"2025-02-02T10:30:00+00:00","actual":null,"estimated_runway":null,"actual_runway":null},"arrival":{"airport":"Phuket International","timezone":"Asia\/Bangkok","iata":"HKT","icao":"VTSP","terminal":"D","gate":null,"baggage":"8","delay":null,"scheduled":"2025-02-02T12:00:00+00:00","estimated":"2025-02-02T12:00:00+00:00","actual":null,"estimated_runway":null,"actual_runway":null},"airline":{"name":"Malaysia Airlines","iata":"MH","icao":"MAS"},"flight":{"number":"4869","iata":"MH4869","icao":"MAS4869","codeshared":{"airline_name":"bangkok airways","airline_iata":"pg","airline_icao":"bkp","flight_number":"275","flight_iata":"pg275","flight_icao":"bkp275"}},"aircraft":null,"live":null},{"flight_date":"2025-02-02","flight_status":"scheduled","departure":{"airport":"Xianyang","timezone":"Asia\/Shanghai","iata":"XIY","icao":"ZLXY","terminal":"3","gate":null,"delay":null,"scheduled":"2025-02-02T07:00:00+00:00","estimated":"2025-02-02T07:00:00+00:00","actual":null,"estimated_runway":null,"actual_runway":null},"arrival":{"airport":"Shanghai Pudong International","timezone":"Asia\/Shanghai","iata":"PVG","icao":"ZSPD","terminal":"1","gate":null,"baggage":null,"delay":null,"scheduled":"2025-02-02T09:20:00+00:00","estimated":"2025-02-02T09:20:00+00:00","actual":null,"estimated_runway":null,"actual_runway":null},"airline":{"name":"Air France","iata":"AF","icao":"AFR"},"flight":{"number":"5225","iata":"AF5225","icao":"AFR5225","codeshared":{"airline_name":"china eastern airlines","airline_iata":"mu","airline_icao":"ces","flight_number":"6151","flight_iata":"mu6151","flight_icao":"ces6151"}},"aircraft":null,"live":null},{"flight_date":"2025-02-02","flight_status":"active","departure":{"airport":"Sydney Kingsford Smith Airport","timezone":"Australia\/Sydney","iata":"SYD","icao":"YSSY","terminal":"3","gate":"9","delay":20,"scheduled":"2025-02-02T09:45:00+00:00","estimated":"2025-02-02T09:45:00+00:00","actual":"2025-02-02T10:05:00+00:00","estimated_runway":"2025-02-02T10:05:00+00:00","actual_runway":"2025-02-02T10:05:00+00:00"},"arrival":{"airport":"Cairns","timezone":"Australia\/Brisbane","iata":"CNS","icao":"YBCS","terminal":"2","gate":"18","baggage":null,"delay":null,"scheduled":"2025-02-02T11:50:00+00:00","estimated":"2025-02-02T11:50:00+00:00","actual":null,"estimated_runway":null,"actual_runway":null},"airline":{"name":"American Airlines","iata":"AA","icao":"AAL"},"flight":{"number":"7347","iata":"AA7347","icao":"AAL7347","codeshared":{"airline_name":"qantas","airline_iata":"qf","airline_icao":"qfa","flight_number":"922","flight_iata":"qf922","flight_icao":"qfa922"}},"aircraft":null,"live":null},{"flight_date":"2025-02-02","flight_status":"scheduled","departure":{"airport":"Tromso\/langnes","timezone":"Europe\/Oslo","iata":"TOS","icao":"ENTC","terminal":null,"gate":"22","delay":null,"scheduled":"2025-02-02T06:15:00+00:00","estimated":"2025-02-02T06:15:00+00:00","actual":null,"estimated_runway":null,"actual_runway":null},"arrival":{"airport":"Gardermoen","timezone":"Europe\/Oslo","iata":"OSL","icao":"ENGM","terminal":null,"gate":null,"baggage":null,"delay":null,"scheduled":"2025-02-02T08:25:00+00:00","estimated":"2025-02-02T08:25:00+00:00","actual":null,"estimated_runway":null,"actual_runway":null},"airline":{"name":"LOT - Polish Airlines","iata":"LO","icao":"LOT"},"flight":{"number":"5468","iata":"LO5468","icao":"LOT5468","codeshared":{"airline_name":"sas","airline_iata":"sk","airline_icao":"sas","flight_number":"4403","flight_iata":"sk4403","flight_icao":"sas4403"}},"aircraft":null,"live":null},{"flight_date":"2025-02-02","flight_status":"scheduled","departure":{"airport":"Kagoshima","timezone":"Asia\/Tokyo","iata":"KOJ","icao":"RJFK","terminal":null,"gate":null,"delay":null,"scheduled":"2025-02-02T20:55:00+00:00","estimated":"2025-02-02T20:55:00+00:00","actual":null,"estimated_runway":null,"actual_runway":null},"arrival":{"airport":"Kobe","timezone":"Asia\/Tokyo","iata":"UKB","icao":"RJBE","terminal":null,"gate":null,"baggage":null,"delay":null,"scheduled":"2025-02-02T22:00:00+00:00","estimated":"2025-02-02T22:00:00+00:00","actual":null,"estimated_runway":null,"actual_runway":null},"airline":{"name":"Skymark Airlines","iata":"BC","icao":"SKY"},"flight":{"number":"138","iata":"BC138","icao":"SKY138","codeshared":null},"aircraft":null,"live":null},{"flight_date":"2025-02-02","flight_status":"active","departure":{"airport":"Chhatrapati Shivaji International (Sahar International)","timezone":"Asia\/Kolkata","iata":"BOM","icao":"VABB","terminal":"1","gate":null,"delay":10,"scheduled":"2025-02-02T12:00:00+00:00","estimated":"2025-02-02T12:00:00+00:00","actual":"2025-02-02T12:10:00+00:00","estimated_runway":"2025-02-02T12:10:00+00:00","actual_runway":"2025-02-02T12:10:00+00:00"},"arrival":{"airport":"Hyderabad Airport","timezone":"Asia\/Kolkata","iata":"HYD","icao":"VOHS","terminal":"MAIN","gate":null,"baggage":"8","delay":null,"scheduled":"2025-02-02T13:25:00+00:00","estimated":"2025-02-02T13:25:00+00:00","actual":null,"estimated_runway":null,"actual_runway":null},"airline":{"name":"Turkish Airlines","iata":"TK","icao":"THY"},"flight":{"number":"4745","iata":"TK4745","icao":"THY4745","codeshared":{"airline_name":"indigo","airline_iata":"6e","airline_icao":"igo","flight_number":"5097","flight_iata":"6e5097","flight_icao":"igo5097"}},"aircraft":null,"live":null},{"flight_date":"2025-02-02","flight_status":"scheduled","departure":{"airport":"Nanjing Lukou International Airport","timezone":"Asia\/Shanghai","iata":"NKG","icao":"ZSNJ","terminal":"1","gate":null,"delay":null,"scheduled":"2025-02-02T12:15:00+00:00","estimated":"2025-02-02T12:15:00+00:00","actual":null,"estimated_runway":null,"actual_runway":null},"arrival":{"airport":"Xianyang","timezone":"Asia\/Shanghai","iata":"XIY","icao":"ZLXY","terminal":"2","gate":null,"baggage":null,"delay":null,"scheduled":"2025-02-02T14:25:00+00:00","estimated":"2025-02-02T14:25:00+00:00","actual":null,"estimated_runway":null,"actual_runway":null},"airline":{"name":"Loong Air","iata":"GJ","icao":"CDC"},"flight":{"number":"3240","iata":"GJ3240","icao":"CDC3240","codeshared":{"airline_name":"hainan airlines","airline_iata":"hu","airline_icao":"chh","flight_number":"7502","flight_iata":"hu7502","flight_icao":"chh7502"}},"aircraft":null,"live":null},{"flight_date":"2025-02-02","flight_status":"landed","departure":{"airport":"Chhatrapati Shivaji International (Sahar International)","timezone":"Asia\/Kolkata","iata":"BOM","icao":"VABB","terminal":"1","gate":null,"delay":null,"scheduled":"2025-02-02T12:05:00+00:00","estimated":"2025-02-02T12:05:00+00:00","actual":null,"estimated_runway":null,"actual_runway":null},"arrival":{"airport":"Madras International (Meenambakkam)","timezone":"Asia\/Kolkata","iata":"MAA","icao":"VOMM","terminal":"1","gate":null,"baggage":null,"delay":null,"scheduled":"2025-02-02T13:55:00+00:00","estimated":"2025-02-02T13:55:00+00:00","actual":null,"estimated_runway":null,"actual_runway":null},"airline":{"name":"IndiGo","iata":"6E","icao":"IGO"},"flight":{"number":"5303","iata":"6E5303","icao":"IGO5303","codeshared":null},"aircraft":{"registration":"VT-ICX","iata":"A21N","icao":"A21N","icao24":"8016BC"},"live":null},{"flight_date":"2025-02-02","flight_status":"active","departure":{"airport":"Nanjing Lukou International Airport","timezone":"Asia\/Shanghai","iata":"NKG","icao":"ZSNJ","terminal":"2","gate":"25","delay":4,"scheduled":"2025-02-02T07:50:00+00:00","estimated":"2025-02-02T07:50:00+00:00","actual":"2025-02-02T07:49:00+00:00","estimated_runway":"2025-02-02T07:49:00+00:00","actual_runway":"2025-02-02T07:49:00+00:00"},"arrival":{"airport":"Shenzhen","timezone":"Asia\/Shanghai","iata":"SZX","icao":"ZGSZ","terminal":"T3","gate":null,"baggage":"6","delay":null,"scheduled":"2025-02-02T10:10:00+00:00","estimated":"2025-02-02T10:10:00+00:00","actual":null,"estimated_runway":null,"actual_runway":null},"airline":{"name":"Xiamen Airlines","iata":"MF","icao":"CXA"},"flight":{"number":"3337","iata":"MF3337","icao":"CXA3337","codeshared":{"airline_name":"china eastern airlines","airline_iata":"mu","airline_icao":"ces","flight_number":"2867","flight_iata":"mu2867","flight_icao":"ces2867"}},"aircraft":null,"live":null},{"flight_date":"2025-02-02","flight_status":"scheduled","departure":{"airport":"Sentani","timezone":"Asia\/Jayapura","iata":"DJJ","icao":"WAJJ","terminal":null,"gate":null,"delay":null,"scheduled":"2025-02-02T08:35:00+00:00","estimated":"2025-02-02T08:35:00+00:00","actual":null,"estimated_runway":null,"actual_runway":null},"arrival":{"airport":"Nabire","timezone":"Asia\/Jayapura","iata":"NBX","icao":"WABI","terminal":null,"gate":null,"baggage":null,"delay":null,"scheduled":"2025-02-02T10:40:00+00:00","estimated":"2025-02-02T10:40:00+00:00","actual":null,"estimated_runway":null,"actual_runway":null},"airline":{"name":"Wings Air (Indonesia)","iata":"IW","icao":"WON"},"flight":{"number":"1629","iata":"IW1629","icao":"WON1629","codeshared":null},"aircraft":null,"live":null},{"flight_date":"2025-02-02","flight_status":"active","departure":{"airport":"Dubbo","timezone":"Australia\/Sydney","iata":"DBO","icao":"YSDU","terminal":null,"gate":null,"delay":null,"scheduled":"2025-02-02T10:15:00+00:00","estimated":"2025-02-02T10:15:00+00:00","actual":"2025-02-02T10:14:00+00:00","estimated_runway":"2025-02-02T10:14:00+00:00","actual_runway":"2025-02-02T10:14:00+00:00"},"arrival":{"airport":"Sydney Kingsford Smith Airport","timezone":"Australia\/Sydney","iata":"SYD","icao":"YSSY","terminal":"3","gate":"1","baggage":"QFR","delay":null,"scheduled":"2025-02-02T11:25:00+00:00","estimated":"2025-02-02T11:25:00+00:00","actual":"2025-02-02T11:01:00+00:00","estimated_runway":"2025-02-02T11:01:00+00:00","actual_runway":"2025-02-02T11:01:00+00:00"},"airline":{"name":"Emirates","iata":"EK","icao":"UAE"},"flight":{"number":"5198","iata":"EK5198","icao":"UAE5198","codeshared":{"airline_name":"qantaslink","airline_iata":"qf","airline_icao":"qlk","flight_number":"2039","flight_iata":"qf2039","flight_icao":"qlk2039"}},"aircraft":null,"live":null},{"flight_date":"2025-02-02","flight_status":"scheduled","departure":{"airport":"Kushiro","timezone":"Asia\/Tokyo","iata":"KUH","icao":"RJCK","terminal":null,"gate":"A","delay":20,"scheduled":"2025-02-02T14:05:00+00:00","estimated":"2025-02-02T14:05:00+00:00","actual":null,"estimated_runway":null,"actual_runway":null},"arrival":{"airport":"Okadama","timezone":"Asia\/Tokyo","iata":"OKD","icao":"RJCO","terminal":null,"gate":null,"baggage":null,"delay":null,"scheduled":"2025-02-02T15:15:00+00:00","estimated":"2025-02-02T15:15:00+00:00","actual":null,"estimated_runway":null,"actual_runway":null},"airline":{"name":"JAL","iata":"JL","icao":"JAL"},"flight":{"number":"2864","iata":"JL2864","icao":"JAL2864","codeshared":null},"aircraft":{"registration":"JA14HC","iata":"AT46","icao":"AT46","icao24":"846A16"},"live":{"updated":"2025-02-02T06:35:14+00:00","latitude":43.0526,"longitude":141.47,"altitude":403.86,"direction":312,"speed_horizontal":216.684,"speed_vertical":0,"is_ground":false}},{"flight_date":"2025-02-02","flight_status":"active","departure":{"airport":"Mahmud Badaruddin Ii","timezone":"Asia\/Jakarta","iata":"PLM","icao":"WIPP","terminal":null,"gate":"1","delay":4,"scheduled":"2025-02-02T13:45:00+00:00","estimated":"2025-02-02T13:45:00+00:00","actual":"2025-02-02T13:48:00+00:00","estimated_runway":"2025-02-02T13:48:00+00:00","actual_runway":"2025-02-02T13:48:00+00:00"},"arrival":{"airport":"Soekarno-Hatta International","timezone":"Asia\/Jakarta","iata":"CGK","icao":"WIII","terminal":"1","gate":null,"baggage":"A3","delay":null,"scheduled":"2025-02-02T14:55:00+00:00","estimated":"2025-02-02T14:55:00+00:00","actual":null,"estimated_runway":null,"actual_runway":null},"airline":{"name":"Lion Air","iata":"JT","icao":"LNI"},"flight":{"number":"347","iata":"JT347","icao":"LNI347","codeshared":null},"aircraft":{"registration":"PK-LJS","iata":"B738","icao":"B738","icao24":"8A02EE"},"live":{"updated":"2025-02-02T07:42:17+00:00","latitude":-6.0889,"longitude":106.708,"altitude":312.42,"direction":247,"speed_horizontal":283.356,"speed_vertical":0,"is_ground":false}},{"flight_date":"2025-02-02","flight_status":"scheduled","departure":{"airport":"Xianyang","timezone":"Asia\/Shanghai","iata":"XIY","icao":"ZLXY","terminal":"2","gate":"20","delay":18,"scheduled":"2025-02-02T07:40:00+00:00","estimated":"2025-02-02T07:40:00+00:00","actual":"2025-02-02T07:58:00+00:00","estimated_runway":"2025-02-02T07:58:00+00:00","actual_runway":"2025-02-02T07:58:00+00:00"},"arrival":{"airport":"Wuxi","timezone":"Asia\/Shanghai","iata":"WUX","icao":"ZSWX","terminal":"T2","gate":null,"baggage":"10","delay":null,"scheduled":"2025-02-02T09:50:00+00:00","estimated":"2025-02-02T09:50:00+00:00","actual":null,"estimated_runway":null,"actual_runway":null},"airline":{"name":"Juneyao Airlines","iata":"HO","icao":"DKH"},"flight":{"number":"5082","iata":"HO5082","icao":"DKH5082","codeshared":{"airline_name":"shenzhen airlines","airline_iata":"zh","airline_icao":"csz","flight_number":"9285","flight_iata":"zh9285","flight_icao":"csz9285"}},"aircraft":null,"live":null},{"flight_date":"2025-02-02","flight_status":"cancelled","departure":{"airport":"Seoul (Incheon)","timezone":"Asia\/Seoul","iata":"ICN","icao":"RKSI","terminal":"2","gate":"268","delay":null,"scheduled":"2025-02-02T09:40:00+00:00","estimated":"2025-02-02T09:40:00+00:00","actual":null,"estimated_runway":null,"actual_runway":null},"arrival":{"airport":"Gimhae","timezone":"Asia\/Seoul","iata":"PUS","icao":"RKPK","terminal":"I","gate":null,"baggage":null,"delay":null,"scheduled":"2025-02-02T10:50:00+00:00","estimated":"2025-02-02T10:50:00+00:00","actual":null,"estimated_runway":null,"actual_runway":null},"airline":{"name":"Korean Air","iata":"KE","icao":"KAL"},"flight":{"number":"1407","iata":"KE1407","icao":"KAL1407","codeshared":null},"aircraft":null,"live":null},{"flight_date":"2025-02-02","flight_status":"scheduled","departure":{"airport":"Itami","timezone":"Asia\/Tokyo","iata":"ITM","icao":"RJOO","terminal":null,"gate":"18","delay":null,"scheduled":"2025-02-02T15:25:00+00:00","estimated":"2025-02-02T15:25:00+00:00","actual":null,"estimated_runway":null,"actual_runway":null},"arrival":{"airport":"Haneda Airport","timezone":"Asia\/Tokyo","iata":"HND","icao":"RJTT","terminal":"1","gate":null,"baggage":null,"delay":null,"scheduled":"2025-02-02T16:35:00+00:00","estimated":"2025-02-02T16:35:00+00:00","actual":null,"estimated_runway":null,"actual_runway":null},"airline":{"name":"Qatar Airways","iata":"QR","icao":"QTR"},"flight":{"number":"6094","iata":"QR6094","icao":"QTR6094","codeshared":{"airline_name":"jet linx aviation","airline_iata":"jl","airline_icao":"jtl","flight_number":"124","flight_iata":"jl124","flight_icao":"jtl124"}},"aircraft":null,"live":null},{"flight_date":"2025-02-02","flight_status":"scheduled","departure":{"airport":"Sheremetyevo International","timezone":"Europe\/Moscow","iata":"SVO","icao":"UUEE","terminal":"B","gate":"114","delay":null,"scheduled":"2025-02-02T07:50:00+00:00","estimated":"2025-02-02T07:50:00+00:00","actual":null,"estimated_runway":null,"actual_runway":null},"arrival":{"airport":"Koltsovo International","timezone":"Asia\/Yekaterinburg","iata":"SVX","icao":"USSS","terminal":"B","gate":null,"baggage":"B3","delay":null,"scheduled":"2025-02-02T12:30:00+00:00","estimated":"2025-02-02T12:30:00+00:00","actual":null,"estimated_runway":null,"actual_runway":null},"airline":{"name":"Aeroflot","iata":"SU","icao":"AFL"},"flight":{"number":"1400","iata":"SU1400","icao":"AFL1400","codeshared":null},"aircraft":{"registration":"RA-73739","iata":"A320","icao":"A320","icao24":"15200B"},"live":{"updated":"2025-02-02T07:03:15+00:00","latitude":57.0599,"longitude":60.2217,"altitude":4808.22,"direction":112,"speed_horizontal":781.544,"speed_vertical":0,"is_ground":false}},{"flight_date":"2025-02-02","flight_status":"scheduled","departure":{"airport":"Lanzhou Zhongchuan Airport","timezone":null,"iata":"LHW","icao":"ZLLL","terminal":"T1","gate":"102","delay":null,"scheduled":"2025-02-02T14:10:00+00:00","estimated":"2025-02-02T14:10:00+00:00","actual":null,"estimated_runway":null,"actual_runway":null},"arrival":{"airport":"Chengdu Tianfu International Airport","timezone":"Asia\/Chongqing","iata":"TFU","icao":"ZUTF","terminal":"2","gate":null,"baggage":null,"delay":null,"scheduled":"2025-02-02T16:05:00+00:00","estimated":"2025-02-02T16:05:00+00:00","actual":null,"estimated_runway":null,"actual_runway":null},"airline":{"name":"China Southern Airlines","iata":"CZ","icao":"CSN"},"flight":{"number":"7042","iata":"CZ7042","icao":"CSN7042","codeshared":{"airline_name":"chengdu airlines","airline_iata":"eu","airline_icao":"uea","flight_number":"2272","flight_iata":"eu2272","flight_icao":"uea2272"}},"aircraft":null,"live":null},{"flight_date":"2025-02-02","flight_status":"landed","departure":{"airport":"Chongqing Jiangbei International","timezone":"Asia\/Shanghai","iata":"CKG","icao":"ZUCK","terminal":"3","gate":"3H","delay":8,"scheduled":"2025-02-02T10:50:00+00:00","estimated":"2025-02-02T10:50:00+00:00","actual":"2025-02-02T10:57:00+00:00","estimated_runway":"2025-02-02T10:57:00+00:00","actual_runway":"2025-02-02T10:57:00+00:00"},"arrival":{"airport":"Guangzhou Baiyun International","timezone":"Asia\/Shanghai","iata":"CAN","icao":"ZGGG","terminal":"1","gate":null,"baggage":"8","delay":null,"scheduled":"2025-02-02T12:40:00+00:00","estimated":"2025-02-02T12:40:00+00:00","actual":"2025-02-02T12:24:00+00:00","estimated_runway":"2025-02-02T12:24:00+00:00","actual_runway":"2025-02-02T12:24:00+00:00"},"airline":{"name":"Shenzhen Airlines","iata":"ZH","icao":"CSZ"},"flight":{"number":"4443","iata":"ZH4443","icao":"CSZ4443","codeshared":{"airline_name":"air china ltd","airline_iata":"ca","airline_icao":"cca","flight_number":"4347","flight_iata":"ca4347","flight_icao":"cca4347"}},"aircraft":null,"live":null},{"flight_date":"2025-02-02","flight_status":"active","departure":{"airport":null,"timezone":null,"iata":"JNG","icao":"ZSJG","terminal":"T1","gate":"A,B","delay":40,"scheduled":"2025-02-02T08:20:00+00:00","estimated":"2025-02-02T08:20:00+00:00","actual":"2025-02-02T09:00:00+00:00","estimated_runway":"2025-02-02T09:00:00+00:00","actual_runway":"2025-02-02T09:00:00+00:00"},"arrival":{"airport":"Nanchang","timezone":"Asia\/Shanghai","iata":"KHN","icao":"ZSCN","terminal":"T2","gate":null,"baggage":"7","delay":7,"scheduled":"2025-02-02T10:05:00+00:00","estimated":"2025-02-02T10:05:00+00:00","actual":null,"estimated_runway":null,"actual_runway":null},"airline":{"name":"Guangxi Beibu Gulf Airlines","iata":"GX","icao":"CBG"},"flight":{"number":"7867","iata":"GX7867","icao":"CBG7867","codeshared":null},"aircraft":{"registration":"B-3179","iata":"E190","icao":"E190","icao24":"780777"},"live":{"updated":"2025-02-02T01:58:17+00:00","latitude":28.627,"longitude":115.69,"altitude":1501.14,"direction":99,"speed_horizontal":377.808,"speed_vertical":0,"is_ground":false}},{"flight_date":"2025-02-02","flight_status":"scheduled","departure":{"airport":"Sofia","timezone":"Europe\/Sofia","iata":"SOF","icao":"LBSF","terminal":"2","gate":null,"delay":null,"scheduled":"2025-02-02T13:45:00+00:00","estimated":"2025-02-02T13:45:00+00:00","actual":null,"estimated_runway":null,"actual_runway":null},"arrival":{"airport":"Franz Josef Strauss","timezone":"Europe\/Berlin","iata":"MUC","icao":"EDDM","terminal":"2","gate":null,"baggage":null,"delay":null,"scheduled":"2025-02-02T14:55:00+00:00","estimated":"2025-02-02T14:55:00+00:00","actual":null,"estimated_runway":null,"actual_runway":null},"airline":{"name":"Lufthansa","iata":"LH","icao":"DLH"},"flight":{"number":"1703","iata":"LH1703","icao":"DLH1703","codeshared":null},"aircraft":null,"live":null},{"flight_date":"2025-02-02","flight_status":"active","departure":{"airport":"Shuangliu","timezone":"Asia\/Shanghai","iata":"CTU","icao":"ZUUU","terminal":"2","gate":"L,M","delay":3,"scheduled":"2025-02-02T12:35:00+00:00","estimated":"2025-02-02T12:35:00+00:00","actual":"2025-02-02T12:38:00+00:00","estimated_runway":"2025-02-02T12:38:00+00:00","actual_runway":"2025-02-02T12:38:00+00:00"},"arrival":{"airport":"Guangzhou Baiyun International","timezone":"Asia\/Shanghai","iata":"CAN","icao":"ZGGG","terminal":"2","gate":null,"baggage":"35","delay":null,"scheduled":"2025-02-02T15:00:00+00:00","estimated":"2025-02-02T15:00:00+00:00","actual":null,"estimated_runway":null,"actual_runway":null},"airline":{"name":"China Southern Airlines","iata":"CZ","icao":"CSN"},"flight":{"number":"3402","iata":"CZ3402","icao":"CSN3402","codeshared":null},"aircraft":{"registration":"B-1091","iata":"A21N","icao":"A21N","icao24":"7813BB"},"live":{"updated":"2025-02-02T06:35:14+00:00","latitude":23.3313,"longitude":113.262,"altitude":320.04,"direction":13,"speed_horizontal":238.908,"speed_vertical":0,"is_ground":false}},{"flight_date":"2025-02-02","flight_status":"active","departure":{"airport":"Kansai International","timezone":"Asia\/Tokyo","iata":"KIX","icao":"RJBB","terminal":"2","gate":"80","delay":18,"scheduled":"2025-02-02T08:30:00+00:00","estimated":"2025-02-02T08:30:00+00:00","actual":"2025-02-02T08:47:00+00:00","estimated_runway":"2025-02-02T08:47:00+00:00","actual_runway":"2025-02-02T08:47:00+00:00"},"arrival":{"airport":"Shanghai Pudong International","timezone":"Asia\/Shanghai","iata":"PVG","icao":"ZSPD","terminal":"2","gate":null,"baggage":"34","delay":2,"scheduled":"2025-02-02T10:00:00+00:00","estimated":"2025-02-02T10:00:00+00:00","actual":null,"estimated_runway":null,"actual_runway":null},"airline":{"name":"Spring Airlines","iata":"9C","icao":"CQH"},"flight":{"number":"6950","iata":"9C6950","icao":"CQH6950","codeshared":null},"aircraft":{"registration":"B-30EU","iata":"A21N","icao":"A21N","icao24":"78192F"},"live":{"updated":"2025-02-02T00:44:47+00:00","latitude":33.0191,"longitude":129.108,"altitude":9144,"direction":248.03,"speed_horizontal":599.076,"speed_vertical":0,"is_ground":false}},{"flight_date":"2025-02-02","flight_status":"scheduled","departure":{"airport":"Kotoka","timezone":"Africa\/Accra","iata":"ACC","icao":"DGAA","terminal":"3","gate":null,"delay":null,"scheduled":"2025-02-02T09:40:00+00:00","estimated":"2025-02-02T09:40:00+00:00","actual":null,"estimated_runway":null,"actual_runway":null},"arrival":{"airport":"Murtala Muhammed","timezone":"Africa\/Lagos","iata":"LOS","icao":"DNMM","terminal":"1I","gate":null,"baggage":null,"delay":null,"scheduled":"2025-02-02T11:50:00+00:00","estimated":"2025-02-02T11:50:00+00:00","actual":null,"estimated_runway":null,"actual_runway":null},"airline":{"name":"Africa World Airlines","iata":"AW","icao":"AFW"},"flight":{"number":"212","iata":"AW212","icao":"AFW212","codeshared":null},"aircraft":null,"live":null},{"flight_date":"2025-02-02","flight_status":"scheduled","departure":{"airport":"Nangan","timezone":"Asia\/Taipei","iata":"LZN","icao":"RCFG","terminal":null,"gate":null,"delay":null,"scheduled":"2025-02-02T12:20:00+00:00","estimated":"2025-02-02T12:20:00+00:00","actual":null,"estimated_runway":null,"actual_runway":null},"arrival":{"airport":"Taipei Songshan (Sung Shan)","timezone":"Asia\/Taipei","iata":"TSA","icao":"RCSS","terminal":"2","gate":null,"baggage":null,"delay":null,"scheduled":"2025-02-02T13:15:00+00:00","estimated":"2025-02-02T13:15:00+00:00","actual":null,"estimated_runway":null,"actual_runway":null},"airline":{"name":"Mandarin Airlines","iata":"AE","icao":"MDA"},"flight":{"number":"7902","iata":"AE7902","icao":"MDA7902","codeshared":null},"aircraft":null,"live":null},{"flight_date":"2025-02-02","flight_status":"scheduled","departure":{"airport":"Chengdu Tianfu International Airport","timezone":"Asia\/Chongqing","iata":"TFU","icao":"ZUTF","terminal":"2","gate":"47","delay":null,"scheduled":"2025-02-02T10:55:00+00:00","estimated":"2025-02-02T10:55:00+00:00","actual":null,"estimated_runway":null,"actual_runway":null},"arrival":{"airport":"Nanchang","timezone":"Asia\/Shanghai","iata":"KHN","icao":"ZSCN","terminal":"T2","gate":null,"baggage":"5","delay":null,"scheduled":"2025-02-02T13:15:00+00:00","estimated":"2025-02-02T13:15:00+00:00","actual":null,"estimated_runway":null,"actual_runway":null},"airline":{"name":"Shenzhen Airlines","iata":"ZH","icao":"CSZ"},"flight":{"number":"4097","iata":"ZH4097","icao":"CSZ4097","codeshared":{"airline_name":"air china ltd","airline_iata":"ca","airline_icao":"cca","flight_number":"2641","flight_iata":"ca2641","flight_icao":"cca2641"}},"aircraft":null,"live":null},{"flight_date":"2025-02-02","flight_status":"scheduled","departure":{"airport":"Urumqi","timezone":"Asia\/Shanghai","iata":"URC","icao":"ZWWW","terminal":"2","gate":"14","delay":81,"scheduled":"2025-02-02T13:30:00+00:00","estimated":"2025-02-02T13:30:00+00:00","actual":null,"estimated_runway":null,"actual_runway":null},"arrival":{"airport":"Hotan","timezone":"Asia\/Shanghai","iata":"HTN","icao":"ZWTN","terminal":"3","gate":null,"baggage":null,"delay":null,"scheduled":"2025-02-02T15:45:00+00:00","estimated":"2025-02-02T15:45:00+00:00","actual":null,"estimated_runway":null,"actual_runway":null},"airline":{"name":"Hainan Airlines","iata":"HU","icao":"CHH"},"flight":{"number":"7223","iata":"HU7223","icao":"CHH7223","codeshared":null},"aircraft":{"registration":"B-5611","iata":"B738","icao":"B738","icao24":"7807B3"},"live":{"updated":"2025-02-02T08:25:17+00:00","latitude":40.0922,"longitude":80.1006,"altitude":10393.7,"direction":185,"speed_horizontal":801.916,"speed_vertical":0,"is_ground":false}},{"flight_date":"2025-02-02","flight_status":"scheduled","departure":{"airport":"Essendon","timezone":"Australia\/Melbourne","iata":"MEB","icao":"YMEN","terminal":null,"gate":null,"delay":null,"scheduled":"2025-02-02T08:00:00+00:00","estimated":"2025-02-02T08:00:00+00:00","actual":null,"estimated_runway":null,"actual_runway":null},"arrival":{"airport":"Mildura","timezone":"Australia\/Melbourne","iata":"MQL","icao":"YMIA","terminal":null,"gate":null,"baggage":null,"delay":null,"scheduled":"2025-02-02T09:01:00+00:00","estimated":"2025-02-02T09:01:00+00:00","actual":null,"estimated_runway":null,"actual_runway":null},"airline":{"name":"empty","iata":null,"icao":null},"flight":{"number":null,"iata":null,"icao":null,"codeshared":null},"aircraft":null,"live":null},{"flight_date":"2025-02-02","flight_status":"cancelled","departure":{"airport":"Hyderabad Airport","timezone":"Asia\/Kolkata","iata":"HYD","icao":"VOHS","terminal":null,"gate":"101","delay":null,"scheduled":"2025-02-02T07:10:00+00:00","estimated":"2025-02-02T07:10:00+00:00","actual":null,"estimated_runway":null,"actual_runway":null},"arrival":{"airport":"Lohegaon","timezone":"Asia\/Kolkata","iata":"PNQ","icao":"VAPO","terminal":null,"gate":null,"baggage":null,"delay":null,"scheduled":"2025-02-02T08:30:00+00:00","estimated":"2025-02-02T08:30:00+00:00","actual":null,"estimated_runway":null,"actual_runway":null},"airline":{"name":"Air India","iata":"AI","icao":"AIC"},"flight":{"number":"9978","iata":"AI9978","icao":"AIC9978","codeshared":{"airline_name":"air india express","airline_iata":"ix","airline_icao":"axb","flight_number":"2881","flight_iata":"ix2881","flight_icao":"axb2881"}},"aircraft":null,"live":null},{"flight_date":"2025-02-02","flight_status":"active","departure":{"airport":"Doha International","timezone":"Asia\/Qatar","iata":"DOH","icao":"OTHH","terminal":null,"gate":"C84","delay":6,"scheduled":"2025-02-02T02:40:00+00:00","estimated":"2025-02-02T02:40:00+00:00","actual":"2025-02-02T02:46:00+00:00","estimated_runway":"2025-02-02T02:46:00+00:00","actual_runway":"2025-02-02T02:46:00+00:00"},"arrival":{"airport":"Pleso","timezone":"Europe\/Zagreb","iata":"ZAG","icao":"LDZA","terminal":"1","gate":"A27","baggage":"05","delay":null,"scheduled":"2025-02-02T06:45:00+00:00","estimated":"2025-02-02T06:45:00+00:00","actual":null,"estimated_runway":null,"actual_runway":null},"airline":{"name":"Cathay Pacific","iata":"CX","icao":"CPA"},"flight":{"number":"9225","iata":"CX9225","icao":"CPA9225","codeshared":{"airline_name":"qatar airways","airline_iata":"qr","airline_icao":"qtr","flight_number":"215","flight_iata":"qr215","flight_icao":"qtr215"}},"aircraft":null,"live":null},{"flight_date":"2025-02-02","flight_status":"landed","departure":{"airport":"Brisbane International","timezone":"Australia\/Brisbane","iata":"BNE","icao":"YBBN","terminal":"D","gate":"24","delay":8,"scheduled":"2025-02-02T07:00:00+00:00","estimated":"2025-02-02T07:00:00+00:00","actual":"2025-02-02T07:08:00+00:00","estimated_runway":"2025-02-02T07:08:00+00:00","actual_runway":"2025-02-02T07:08:00+00:00"},"arrival":{"airport":"Melbourne - Tullamarine Airport","timezone":"Australia\/Melbourne","iata":"MEL","icao":"YMML","terminal":"1","gate":"3","baggage":null,"delay":null,"scheduled":"2025-02-02T10:20:00+00:00","estimated":"2025-02-02T10:20:00+00:00","actual":"2025-02-02T10:05:00+00:00","estimated_runway":"2025-02-02T10:05:00+00:00","actual_runway":"2025-02-02T10:05:00+00:00"},"airline":{"name":"China Eastern Airlines","iata":"MU","icao":"CES"},"flight":{"number":"4076","iata":"MU4076","icao":"CES4076","codeshared":{"airline_name":"qantas","airline_iata":"qf","airline_icao":"qfa","flight_number":"611","flight_iata":"qf611","flight_icao":"qfa611"}},"aircraft":null,"live":null},{"flight_date":"2025-02-02","flight_status":"active","departure":{"airport":"Shanghai","timezone":"Asia\/Shanghai","iata":"HFE","icao":"ZSOF","terminal":null,"gate":"C1-C","delay":10,"scheduled":"2025-02-02T12:05:00+00:00","estimated":"2025-02-02T12:05:00+00:00","actual":null,"estimated_runway":null,"actual_runway":null},"arrival":{"airport":"Changchun","timezone":"Asia\/Shanghai","iata":"CGQ","icao":"ZYCC","terminal":"2","gate":null,"baggage":"3","delay":null,"scheduled":"2025-02-02T14:35:00+00:00","estimated":"2025-02-02T14:35:00+00:00","actual":null,"estimated_runway":null,"actual_runway":null},"airline":{"name":"Xiamen Airlines","iata":"MF","icao":"CXA"},"flight":{"number":"3952","iata":"MF3952","icao":"CXA3952","codeshared":{"airline_name":"china eastern airlines","airline_iata":"mu","airline_icao":"ces","flight_number":"5535","flight_iata":"mu5535","flight_icao":"ces5535"}},"aircraft":null,"live":null},{"flight_date":"2025-02-02","flight_status":"active","departure":{"airport":"Wenzhou","timezone":"Asia\/Shanghai","iata":"WNZ","icao":"ZSWZ","terminal":"T2","gate":"204","delay":5,"scheduled":"2025-02-02T09:05:00+00:00","estimated":"2025-02-02T09:05:00+00:00","actual":null,"estimated_runway":null,"actual_runway":null},"arrival":{"airport":"Shanghai Pudong International","timezone":"Asia\/Shanghai","iata":"PVG","icao":"ZSPD","terminal":"1","gate":null,"baggage":"04","delay":null,"scheduled":"2025-02-02T10:15:00+00:00","estimated":"2025-02-02T10:15:00+00:00","actual":null,"estimated_runway":null,"actual_runway":null},"airline":{"name":"China Eastern Airlines","iata":"MU","icao":"CES"},"flight":{"number":"8546","iata":"MU8546","icao":"CES8546","codeshared":{"airline_name":"shanghai airlines","airline_iata":"fm","airline_icao":"csh","flight_number":"9528","flight_iata":"fm9528","flight_icao":"csh9528"}},"aircraft":null,"live":null},{"flight_date":"2025-02-02","flight_status":"active","departure":{"airport":"Nanjing Lukou International Airport","timezone":"Asia\/Shanghai","iata":"NKG","icao":"ZSNJ","terminal":null,"gate":null,"delay":null,"scheduled":"2025-02-02T06:35:00+00:00","estimated":"2025-02-02T06:35:00+00:00","actual":null,"estimated_runway":null,"actual_runway":null},"arrival":{"airport":"Taiyuan","timezone":"Asia\/Shanghai","iata":"TYN","icao":"ZBYN","terminal":"T1","gate":null,"baggage":null,"delay":null,"scheduled":"2025-02-02T08:30:00+00:00","estimated":"2025-02-02T08:30:00+00:00","actual":null,"estimated_runway":null,"actual_runway":null},"airline":{"name":"China Postal Airlines","iata":"CF","icao":"CYZ"},"flight":{"number":"9070","iata":"CF9070","icao":"CYZ9070","codeshared":null},"aircraft":null,"live":null},{"flight_date":"2025-02-02","flight_status":"active","departure":{"airport":"Hobart","timezone":"Australia\/Hobart","iata":"HBA","icao":"YMHB","terminal":"D","gate":"3","delay":null,"scheduled":"2025-02-02T10:35:00+00:00","estimated":"2025-02-02T10:35:00+00:00","actual":null,"estimated_runway":null,"actual_runway":null},"arrival":{"airport":"Melbourne - Tullamarine Airport","timezone":"Australia\/Melbourne","iata":"MEL","icao":"YMML","terminal":"3","gate":"7","baggage":null,"delay":null,"scheduled":"2025-02-02T12:00:00+00:00","estimated":"2025-02-02T12:00:00+00:00","actual":null,"estimated_runway":null,"actual_runway":null},"airline":{"name":"Etihad Airways","iata":"EY","icao":"ETD"},"flight":{"number":"6620","iata":"EY6620","icao":"ETD6620","codeshared":{"airline_name":"virgin australia","airline_iata":"va","airline_icao":"voz","flight_number":"1321","flight_iata":"va1321","flight_icao":"voz1321"}},"aircraft":null,"live":null},{"flight_date":"2025-02-02","flight_status":"landed","departure":{"airport":"Singapore Changi","timezone":"Asia\/Singapore","iata":"SIN","icao":"WSSS","terminal":"3","gate":"C1","delay":27,"scheduled":"2025-02-02T00:25:00+00:00","estimated":"2025-02-02T00:25:00+00:00","actual":"2025-02-02T00:52:00+00:00","estimated_runway":"2025-02-02T00:52:00+00:00","actual_runway":"2025-02-02T00:52:00+00:00"},"arrival":{"airport":"Melbourne - Tullamarine Airport","timezone":"Australia\/Melbourne","iata":"MEL","icao":"YMML","terminal":"2","gate":"10","baggage":null,"delay":1,"scheduled":"2025-02-02T10:50:00+00:00","estimated":"2025-02-02T10:50:00+00:00","actual":"2025-02-02T10:47:00+00:00","estimated_runway":"2025-02-02T10:47:00+00:00","actual_runway":"2025-02-02T10:47:00+00:00"},"airline":{"name":"Turkish Airlines","iata":"TK","icao":"THY"},"flight":{"number":"9324","iata":"TK9324","icao":"THY9324","codeshared":{"airline_name":"singapore airlines","airline_iata":"sq","airline_icao":"sia","flight_number":"237","flight_iata":"sq237","flight_icao":"sia237"}},"aircraft":null,"live":null},{"flight_date":"2025-02-02","flight_status":"scheduled","departure":{"airport":"Jeju Airport","timezone":"Asia\/Seoul","iata":"CJU","icao":"RKPC","terminal":null,"gate":"3","delay":null,"scheduled":"2025-02-02T10:50:00+00:00","estimated":"2025-02-02T10:50:00+00:00","actual":null,"estimated_runway":null,"actual_runway":null},"arrival":{"airport":"Gimhae","timezone":"Asia\/Seoul","iata":"PUS","icao":"RKPK","terminal":"D","gate":"2","baggage":null,"delay":null,"scheduled":"2025-02-02T11:50:00+00:00","estimated":"2025-02-02T11:50:00+00:00","actual":null,"estimated_runway":null,"actual_runway":null},"airline":{"name":"Jeju Air","iata":"7C","icao":"JJA"},"flight":{"number":"504","iata":"7C504","icao":"JJA504","codeshared":null},"aircraft":null,"live":null},{"flight_date":"2025-02-02","flight_status":"scheduled","departure":{"airport":"Xianyang","timezone":"Asia\/Shanghai","iata":"XIY","icao":"ZLXY","terminal":"3","gate":"L71-","delay":14,"scheduled":"2025-02-02T08:45:00+00:00","estimated":"2025-02-02T08:45:00+00:00","actual":"2025-02-02T08:58:00+00:00","estimated_runway":"2025-02-02T08:58:00+00:00","actual_runway":"2025-02-02T08:58:00+00:00"},"arrival":{"airport":"Dalian","timezone":"Asia\/Shanghai","iata":"DLC","icao":"ZYTL","terminal":"3","gate":null,"baggage":"3","delay":3,"scheduled":"2025-02-02T10:50:00+00:00","estimated":"2025-02-02T10:50:00+00:00","actual":null,"estimated_runway":null,"actual_runway":null},"airline":{"name":"China Eastern Airlines","iata":"MU","icao":"CES"},"flight":{"number":"2369","iata":"MU2369","icao":"CES2369","codeshared":null},"aircraft":{"registration":"B-8390","iata":"A319","icao":"A319","icao24":"780F4A"},"live":{"updated":"2025-02-02T03:00:18+00:00","latitude":38.9656,"longitude":121.54,"altitude":0,"direction":275,"speed_horizontal":155.568,"speed_vertical":0,"is_ground":true}},{"flight_date":"2025-02-02","flight_status":"scheduled","departure":{"airport":"Seoul (Incheon)","timezone":"Asia\/Seoul","iata":"ICN","icao":"RKSI","terminal":"1","gate":"F19","delay":45,"scheduled":"2025-02-02T10:20:00+00:00","estimated":"2025-02-02T10:20:00+00:00","actual":null,"estimated_runway":null,"actual_runway":null},"arrival":{"airport":"Narita International Airport","timezone":"Asia\/Tokyo","iata":"NRT","icao":"RJAA","terminal":"2","gate":"97","baggage":null,"delay":null,"scheduled":"2025-02-02T12:50:00+00:00","estimated":"2025-02-02T12:50:00+00:00","actual":null,"estimated_runway":null,"actual_runway":null},"airline":{"name":"T\u0027Way Air","iata":"TW","icao":"TWB"},"flight":{"number":"213","iata":"TW213","icao":"TWB213","codeshared":null},"aircraft":{"registration":"HL8502","iata":"A333","icao":"A333","icao24":"71C502"},"live":{"updated":"2025-02-02T04:44:08+00:00","latitude":35.7741,"longitude":140.394,"altitude":0,"direction":239.06,"speed_horizontal":0,"speed_vertical":0,"is_ground":false}},{"flight_date":"2025-02-02","flight_status":"scheduled","departure":{"airport":"Kashi","timezone":"Asia\/Shanghai","iata":"KHG","icao":"ZWSH","terminal":null,"gate":"8","delay":2,"scheduled":"2025-02-02T08:20:00+00:00","estimated":"2025-02-02T08:20:00+00:00","actual":null,"estimated_runway":null,"actual_runway":null},"arrival":{"airport":"Xianyang","timezone":"Asia\/Shanghai","iata":"XIY","icao":"ZLXY","terminal":"3","gate":null,"baggage":"305","delay":null,"scheduled":"2025-02-02T12:30:00+00:00","estimated":"2025-02-02T12:30:00+00:00","actual":null,"estimated_runway":null,"actual_runway":null},"airline":{"name":"China Express Air","iata":"G5","icao":"HXA"},"flight":{"number":"6838","iata":"G56838","icao":"HXA6838","codeshared":{"airline_name":"china eastern airlines","airline_iata":"mu","airline_icao":"ces","flight_number":"2294","flight_iata":"mu2294","flight_icao":"ces2294"}},"aircraft":null,"live":null},{"flight_date":"2025-02-02","flight_status":"scheduled","departure":{"airport":"Urumqi","timezone":"Asia\/Shanghai","iata":"URC","icao":"ZWWW","terminal":"2","gate":"97","delay":null,"scheduled":"2025-02-02T10:20:00+00:00","estimated":"2025-02-02T10:20:00+00:00","actual":null,"estimated_runway":null,"actual_runway":null},"arrival":{"airport":"Yinchuan","timezone":"Asia\/Shanghai","iata":"INC","icao":"ZLIC","terminal":"T3","gate":null,"baggage":null,"delay":null,"scheduled":"2025-02-02T13:25:00+00:00","estimated":"2025-02-02T13:25:00+00:00","actual":null,"estimated_runway":null,"actual_runway":null},"airline":{"name":"China Express Air","iata":"G5","icao":"HXA"},"flight":{"number":"6435","iata":"G56435","icao":"HXA6435","codeshared":{"airline_name":"loong air","airline_iata":"gj","airline_icao":"cdc","flight_number":"8651","flight_iata":"gj8651","flight_icao":"cdc8651"}},"aircraft":null,"live":null},{"flight_date":"2025-02-02","flight_status":"landed","departure":{"airport":"Ninoy Aquino International","timezone":"Asia\/Manila","iata":"MNL","icao":"RPLL","terminal":"3","gate":null,"delay":31,"scheduled":"2025-02-02T06:00:00+00:00","estimated":"2025-02-02T06:00:00+00:00","actual":"2025-02-02T06:31:00+00:00","estimated_runway":"2025-02-02T06:31:00+00:00","actual_runway":"2025-02-02T06:31:00+00:00"},"arrival":{"airport":"D.Z. Romualdez","timezone":"Asia\/Manila","iata":"TAC","icao":"RPVA","terminal":"1","gate":null,"baggage":null,"delay":2,"scheduled":"2025-02-02T07:30:00+00:00","estimated":"2025-02-02T07:30:00+00:00","actual":"2025-02-02T07:28:00+00:00","estimated_runway":"2025-02-02T07:28:00+00:00","actual_runway":"2025-02-02T07:28:00+00:00"},"airline":{"name":"Cebu Pacific Air","iata":"5J","icao":"CEB"},"flight":{"number":"2901","iata":"5J2901","icao":"CEB2901","codeshared":null},"aircraft":null,"live":null},{"flight_date":"2025-02-02","flight_status":"scheduled","departure":{"airport":"Hamilton Island","timezone":"Australia\/Lindeman","iata":"HTI","icao":"YBHM","terminal":null,"gate":"1","delay":30,"scheduled":"2025-02-02T12:30:00+00:00","estimated":"2025-02-02T12:30:00+00:00","actual":"2025-02-02T13:10:00+00:00","estimated_runway":"2025-02-02T13:10:00+00:00","actual_runway":"2025-02-02T13:10:00+00:00"},"arrival":{"airport":"Brisbane International","timezone":"Australia\/Brisbane","iata":"BNE","icao":"YBBN","terminal":"D","gate":"47","baggage":"D06","delay":22,"scheduled":"2025-02-02T14:05:00+00:00","estimated":"2025-02-02T14:05:00+00:00","actual":null,"estimated_runway":null,"actual_runway":null},"airline":{"name":"Virgin Australia","iata":"VA","icao":"VOZ"},"flight":{"number":"1496","iata":"VA1496","icao":"VOZ1496","codeshared":null},"aircraft":{"registration":"VH-IJQ","iata":"B738","icao":"B738","icao24":"7C29D4"},"live":{"updated":"2025-02-02T04:29:14+00:00","latitude":-27.388,"longitude":153.123,"altitude":0,"direction":267,"speed_horizontal":24.076,"speed_vertical":0,"is_ground":true}},{"flight_date":"2025-02-02","flight_status":"scheduled","departure":{"airport":"Zia International","timezone":"Asia\/Dhaka","iata":"DAC","icao":"VGHS","terminal":"1","gate":null,"delay":null,"scheduled":"2025-02-02T10:45:00+00:00","estimated":"2025-02-02T10:45:00+00:00","actual":null,"estimated_runway":null,"actual_runway":null},"arrival":{"airport":"Doha International","timezone":"Asia\/Qatar","iata":"DOH","icao":"OTHH","terminal":null,"gate":null,"baggage":null,"delay":null,"scheduled":"2025-02-02T14:00:00+00:00","estimated":"2025-02-02T14:00:00+00:00","actual":null,"estimated_runway":null,"actual_runway":null},"airline":{"name":"Royal Jordanian","iata":"RJ","icao":"RJA"},"flight":{"number":"3806","iata":"RJ3806","icao":"RJA3806","codeshared":{"airline_name":"qatar airways","airline_iata":"qr","airline_icao":"qtr","flight_number":"641","flight_iata":"qr641","flight_icao":"qtr641"}},"aircraft":null,"live":null},{"flight_date":"2025-02-02","flight_status":"scheduled","departure":{"airport":"Omsk","timezone":"Asia\/Omsk","iata":"OMS","icao":"UNOO","terminal":null,"gate":null,"delay":null,"scheduled":"2025-02-02T08:05:00+00:00","estimated":"2025-02-02T08:05:00+00:00","actual":null,"estimated_runway":null,"actual_runway":null},"arrival":{"airport":"Sheremetyevo International","timezone":"Europe\/Moscow","iata":"SVO","icao":"UUEE","terminal":"B","gate":null,"baggage":"3","delay":null,"scheduled":"2025-02-02T08:45:00+00:00","estimated":"2025-02-02T08:45:00+00:00","actual":null,"estimated_runway":null,"actual_runway":null},"airline":{"name":"Aeroflot","iata":"SU","icao":"AFL"},"flight":{"number":"1639","iata":"SU1639","icao":"AFL1639","codeshared":null},"aircraft":{"registration":"RA-73709","iata":"A321","icao":"A321","icao24":"151FED"},"live":{"updated":"2025-02-02T06:17:13+00:00","latitude":56.113,"longitude":37.6852,"altitude":1089.66,"direction":162,"speed_horizontal":412.996,"speed_vertical":0,"is_ground":false}},{"flight_date":"2025-02-02","flight_status":"scheduled","departure":{"airport":"Chu-Bu Centrair International (Central Japan International)","timezone":"Asia\/Tokyo","iata":"NGO","icao":"RJGG","terminal":"1","gate":"7","delay":null,"scheduled":"2025-02-02T12:00:00+00:00","estimated":"2025-02-02T12:00:00+00:00","actual":null,"estimated_runway":null,"actual_runway":null},"arrival":{"airport":"Naha","timezone":"Asia\/Tokyo","iata":"OKA","icao":"ROAH","terminal":"D","gate":null,"baggage":null,"delay":null,"scheduled":"2025-02-02T14:40:00+00:00","estimated":"2025-02-02T14:40:00+00:00","actual":null,"estimated_runway":null,"actual_runway":null},"airline":{"name":"Solaseed Air","iata":"6J","icao":"SNJ"},"flight":{"number":"121","iata":"6J121","icao":"SNJ121","codeshared":null},"aircraft":{"registration":"JA811X","iata":"B738","icao":"B738","icao24":"86D215"},"live":{"updated":"2025-02-02T03:44:39+00:00","latitude":33.6382,"longitude":135.947,"altitude":11590,"direction":224.51,"speed_horizontal":618.12,"speed_vertical":4.68,"is_ground":false}},{"flight_date":"2025-02-02","flight_status":"landed","departure":{"airport":"Hobart","timezone":"Australia\/Hobart","iata":"HBA","icao":"YMHB","terminal":"D","gate":"3","delay":null,"scheduled":"2025-02-02T06:20:00+00:00","estimated":"2025-02-02T06:20:00+00:00","actual":"2025-02-02T06:17:00+00:00","estimated_runway":"2025-02-02T06:17:00+00:00","actual_runway":"2025-02-02T06:17:00+00:00"},"arrival":{"airport":"Melbourne - Tullamarine Airport","timezone":"Australia\/Melbourne","iata":"MEL","icao":"YMML","terminal":"3","gate":"4","baggage":null,"delay":null,"scheduled":"2025-02-02T07:45:00+00:00","estimated":"2025-02-02T07:45:00+00:00","actual":"2025-02-02T07:16:00+00:00","estimated_runway":"2025-02-02T07:16:00+00:00","actual_runway":"2025-02-02T07:16:00+00:00"},"airline":{"name":"Singapore Airlines","iata":"SQ","icao":"SIA"},"flight":{"number":"6579","iata":"SQ6579","icao":"SIA6579","codeshared":{"airline_name":"virgin australia","airline_iata":"va","airline_icao":"voz","flight_number":"1313","flight_iata":"va1313","flight_icao":"voz1313"}},"aircraft":null,"live":null},{"flight_date":"2025-02-02","flight_status":"landed","departure":{"airport":"Brisbane International","timezone":"Australia\/Brisbane","iata":"BNE","icao":"YBBN","terminal":"D","gate":"47","delay":9,"scheduled":"2025-02-02T07:05:00+00:00","estimated":"2025-02-02T07:05:00+00:00","actual":"2025-02-02T07:13:00+00:00","estimated_runway":"2025-02-02T07:13:00+00:00","actual_runway":"2025-02-02T07:13:00+00:00"},"arrival":{"airport":"Sydney Kingsford Smith Airport","timezone":"Australia\/Sydney","iata":"SYD","icao":"YSSY","terminal":"2","gate":"42","baggage":"D2","delay":null,"scheduled":"2025-02-02T09:40:00+00:00","estimated":"2025-02-02T09:40:00+00:00","actual":"2025-02-02T09:24:00+00:00","estimated_runway":"2025-02-02T09:24:00+00:00","actual_runway":"2025-02-02T09:24:00+00:00"},"airline":{"name":"ANA","iata":"NH","icao":"ANA"},"flight":{"number":"6400","iata":"NH6400","icao":"ANA6400","codeshared":{"airline_name":"virgin australia","airline_iata":"va","airline_icao":"voz","flight_number":"916","flight_iata":"va916","flight_icao":"voz916"}},"aircraft":null,"live":null},{"flight_date":"2025-02-02","flight_status":"scheduled","departure":{"airport":"Tianhe International","timezone":"Asia\/Shanghai","iata":"WUH","icao":"ZHHH","terminal":"2","gate":null,"delay":null,"scheduled":"2025-02-02T13:30:00+00:00","estimated":"2025-02-02T13:30:00+00:00","actual":null,"estimated_runway":null,"actual_runway":null},"arrival":{"airport":"Shenyang","timezone":"Asia\/Shanghai","iata":"SHE","icao":"ZYTX","terminal":"T3","gate":null,"baggage":null,"delay":null,"scheduled":"2025-02-02T16:05:00+00:00","estimated":"2025-02-02T16:05:00+00:00","actual":null,"estimated_runway":null,"actual_runway":null},"airline":{"name":"Sichuan Airlines","iata":"3U","icao":"CSC"},"flight":{"number":"2007","iata":"3U2007","icao":"CSC2007","codeshared":{"airline_name":"xiamen airlines","airline_iata":"mf","airline_icao":"cxa","flight_number":"8029","flight_iata":"mf8029","flight_icao":"cxa8029"}},"aircraft":null,"live":null},{"flight_date":"2025-02-02","flight_status":"landed","departure":{"airport":"Dali","timezone":"Asia\/Shanghai","iata":"DLU","icao":"ZPDL","terminal":null,"gate":"1","delay":32,"scheduled":"2025-02-02T12:50:00+00:00","estimated":"2025-02-02T12:50:00+00:00","actual":"2025-02-02T13:22:00+00:00","estimated_runway":"2025-02-02T13:22:00+00:00","actual_runway":"2025-02-02T13:22:00+00:00"},"arrival":{"airport":"Beijing Daxing International Airport","timezone":"+8","iata":"PKX","icao":"ZBAD","terminal":"3","gate":null,"baggage":"27","delay":15,"scheduled":"2025-02-02T15:55:00+00:00","estimated":"2025-02-02T15:55:00+00:00","actual":"2025-02-02T16:09:00+00:00","estimated_runway":"2025-02-02T16:09:00+00:00","actual_runway":"2025-02-02T16:09:00+00:00"},"airline":{"name":"China Eastern Airlines","iata":"MU","icao":"CES"},"flight":{"number":"9739","iata":"MU9739","icao":"CES9739","codeshared":null},"aircraft":{"registration":"B-5295","iata":"B737","icao":"B737","icao24":"78092B"},"live":null},{"flight_date":"2025-02-02","flight_status":"active","departure":{"airport":"Chongqing Jiangbei International","timezone":"Asia\/Shanghai","iata":"CKG","icao":"ZUCK","terminal":"3","gate":"3H","delay":18,"scheduled":"2025-02-02T07:55:00+00:00","estimated":"2025-02-02T07:55:00+00:00","actual":"2025-02-02T08:12:00+00:00","estimated_runway":"2025-02-02T08:12:00+00:00","actual_runway":"2025-02-02T08:12:00+00:00"},"arrival":{"airport":"Nanchang","timezone":"Asia\/Shanghai","iata":"KHN","icao":"ZSCN","terminal":"T2","gate":null,"baggage":"4","delay":null,"scheduled":"2025-02-02T09:40:00+00:00","estimated":"2025-02-02T09:40:00+00:00","actual":null,"estimated_runway":null,"actual_runway":null},"airline":{"name":"Shandong Airlines","iata":"SC","icao":"CDG"},"flight":{"number":"5285","iata":"SC5285","icao":"CDG5285","codeshared":{"airline_name":"air china ltd","airline_iata":"ca","airline_icao":"cca","flight_number":"4561","flight_iata":"ca4561","flight_icao":"cca4561"}},"aircraft":null,"live":null},{"flight_date":"2025-02-02","flight_status":"scheduled","departure":{"airport":"Brisbane International","timezone":"Australia\/Brisbane","iata":"BNE","icao":"YBBN","terminal":"D","gate":"32","delay":null,"scheduled":"2025-02-02T13:45:00+00:00","estimated":"2025-02-02T13:45:00+00:00","actual":null,"estimated_runway":null,"actual_runway":null},"arrival":{"airport":"Springhill","timezone":"Australia\/Sydney","iata":"OAG","icao":"YORG","terminal":null,"gate":null,"baggage":null,"delay":null,"scheduled":"2025-02-02T16:45:00+00:00","estimated":"2025-02-02T16:45:00+00:00","actual":null,"estimated_runway":null,"actual_runway":null},"airline":{"name":"Virgin Australia","iata":"VA","icao":"VOZ"},"flight":{"number":"4040","iata":"VA4040","icao":"VOZ4040","codeshared":null},"aircraft":null,"live":null},{"flight_date":"2025-02-02","flight_status":"scheduled","departure":{"airport":"Keflavik International","timezone":"Atlantic\/Reykjavik","iata":"KEF","icao":"BIKF","terminal":null,"gate":null,"delay":10,"scheduled":"2025-02-02T09:25:00+00:00","estimated":"2025-02-02T09:25:00+00:00","actual":null,"estimated_runway":null,"actual_runway":null},"arrival":{"airport":"D\u00fcsseldorf International Airport","timezone":"Europe\/Berlin","iata":"DUS","icao":"EDDL","terminal":null,"gate":"A42","baggage":null,"delay":null,"scheduled":"2025-02-02T13:35:00+00:00","estimated":"2025-02-02T13:35:00+00:00","actual":null,"estimated_runway":null,"actual_runway":null},"airline":{"name":"Eurowings","iata":"EW","icao":"EWG"},"flight":{"number":"9281","iata":"EW9281","icao":"EWG9281","codeshared":null},"aircraft":null,"live":null},{"flight_date":"2025-02-02","flight_status":"scheduled","departure":{"airport":"Hong Kong International","timezone":"Asia\/Hong_Kong","iata":"HKG","icao":"VHHH","terminal":"1","gate":"205","delay":21,"scheduled":"2025-02-02T15:05:00+00:00","estimated":"2025-02-02T15:05:00+00:00","actual":"2025-02-02T15:25:00+00:00","estimated_runway":"2025-02-02T15:25:00+00:00","actual_runway":"2025-02-02T15:25:00+00:00"},"arrival":{"airport":"Taiwan Taoyuan International (Chiang Kai Shek International)","timezone":"Asia\/Taipei","iata":"TPE","icao":"RCTP","terminal":"1","gate":"A3","baggage":"5","delay":null,"scheduled":"2025-02-02T16:45:00+00:00","estimated":"2025-02-02T16:45:00+00:00","actual":null,"estimated_runway":null,"actual_runway":null},"airline":{"name":"Hong Kong Express","iata":"UO","icao":"HKE"},"flight":{"number":"114","iata":"UO114","icao":"HKE114","codeshared":null},"aircraft":{"registration":"B-LCL","iata":"A20N","icao":"A20N","icao24":"780AB2"},"live":{"updated":"2025-02-02T08:29:48+00:00","latitude":24.8461,"longitude":120.915,"altitude":2034.54,"direction":53.36,"speed_horizontal":459.288,"speed_vertical":-17.568,"is_ground":false}},{"flight_date":"2025-02-02","flight_status":"active","departure":{"airport":"Nanjing Lukou International Airport","timezone":"Asia\/Shanghai","iata":"NKG","icao":"ZSNJ","terminal":"2","gate":"43","delay":2,"scheduled":"2025-02-02T07:00:00+00:00","estimated":"2025-02-02T07:00:00+00:00","actual":"2025-02-02T07:01:00+00:00","estimated_runway":"2025-02-02T07:01:00+00:00","actual_runway":"2025-02-02T07:01:00+00:00"},"arrival":{"airport":"Chengdu Tianfu International Airport","timezone":"Asia\/Chongqing","iata":"TFU","icao":"ZUTF","terminal":"2","gate":null,"baggage":null,"delay":null,"scheduled":"2025-02-02T09:45:00+00:00","estimated":"2025-02-02T09:45:00+00:00","actual":null,"estimated_runway":null,"actual_runway":null},"airline":{"name":"Juneyao Airlines","iata":"HO","icao":"DKH"},"flight":{"number":"5250","iata":"HO5250","icao":"DKH5250","codeshared":{"airline_name":"shenzhen airlines","airline_iata":"zh","airline_icao":"csz","flight_number":"9561","flight_iata":"zh9561","flight_icao":"csz9561"}},"aircraft":null,"live":null},{"flight_date":"2025-02-02","flight_status":"scheduled","departure":{"airport":"Mehrabad (Qualeh Morgeh)","timezone":"Asia\/Tehran","iata":"THR","icao":"OIII","terminal":"2","gate":null,"delay":null,"scheduled":"2025-02-02T06:50:00+00:00","estimated":"2025-02-02T06:50:00+00:00","actual":null,"estimated_runway":null,"actual_runway":null},"arrival":{"airport":"Ahwaz","timezone":"Asia\/Tehran","iata":"AWZ","icao":"OIAW","terminal":"4","gate":null,"baggage":null,"delay":null,"scheduled":"2025-02-02T07:55:00+00:00","estimated":"2025-02-02T07:55:00+00:00","actual":null,"estimated_runway":null,"actual_runway":null},"airline":{"name":"Iran Airtour","iata":"B9","icao":"IRB"},"flight":{"number":"956","iata":"B9956","icao":"IRB956","codeshared":null},"aircraft":null,"live":null},{"flight_date":"2025-02-02","flight_status":"active","departure":{"airport":"Xichang","timezone":"Asia\/Shanghai","iata":"XIC","icao":"ZUXC","terminal":null,"gate":"1-4","delay":3,"scheduled":"2025-02-02T14:00:00+00:00","estimated":"2025-02-02T14:00:00+00:00","actual":"2025-02-02T14:03:00+00:00","estimated_runway":"2025-02-02T14:03:00+00:00","actual_runway":"2025-02-02T14:03:00+00:00"},"arrival":{"airport":"Beijing Daxing International Airport","timezone":"+8","iata":"PKX","icao":"ZBAD","terminal":"3","gate":null,"baggage":"26","delay":null,"scheduled":"2025-02-02T17:00:00+00:00","estimated":"2025-02-02T17:00:00+00:00","actual":null,"estimated_runway":null,"actual_runway":null},"airline":{"name":"China Southern Airlines","iata":"CZ","icao":"CSN"},"flight":{"number":"4964","iata":"CZ4964","icao":"CSN4964","codeshared":{"airline_name":"qingdao airlines","airline_iata":"qw","airline_icao":"qda","flight_number":"6245","flight_iata":"qw6245","flight_icao":"qda6245"}},"aircraft":null,"live":null},{"flight_date":"2025-02-02","flight_status":"scheduled","departure":{"airport":"Xichang","timezone":"Asia\/Shanghai","iata":"XIC","icao":"ZUXC","terminal":null,"gate":"1-4","delay":null,"scheduled":"2025-02-02T13:45:00+00:00","estimated":"2025-02-02T13:45:00+00:00","actual":null,"estimated_runway":null,"actual_runway":null},"arrival":{"airport":"Luzhou","timezone":"Asia\/Shanghai","iata":"LZO","icao":"ZULZ","terminal":"T3","gate":null,"baggage":null,"delay":null,"scheduled":"2025-02-02T14:45:00+00:00","estimated":"2025-02-02T14:45:00+00:00","actual":null,"estimated_runway":null,"actual_runway":null},"airline":{"name":"Sichuan Airlines","iata":"3U","icao":"CSC"},"flight":{"number":"3427","iata":"3U3427","icao":"CSC3427","codeshared":null},"aircraft":{"registration":"B-6953","iata":"A320","icao":"A320","icao24":"780953"},"live":{"updated":"2025-02-02T06:25:17+00:00","latitude":28.8972,"longitude":104.788,"altitude":2727.96,"direction":76,"speed_horizontal":537.08,"speed_vertical":0,"is_ground":false}},{"flight_date":"2025-02-02","flight_status":"scheduled","departure":{"airport":"Xichang","timezone":"Asia\/Shanghai","iata":"XIC","icao":"ZUXC","terminal":null,"gate":"1-4","delay":null,"scheduled":"2025-02-02T13:45:00+00:00","estimated":"2025-02-02T13:45:00+00:00","actual":null,"estimated_runway":null,"actual_runway":null},"arrival":{"airport":"Luzhou","timezone":"Asia\/Shanghai","iata":"LZO","icao":"ZULZ","terminal":"T3","gate":null,"baggage":null,"delay":null,"scheduled":"2025-02-02T14:45:00+00:00","estimated":"2025-02-02T14:45:00+00:00","actual":null,"estimated_runway":null,"actual_runway":null},"airline":{"name":"China Southern Airlines","iata":"CZ","icao":"CSN"},"flight":{"number":"9136","iata":"CZ9136","icao":"CSN9136","codeshared":{"airline_name":"sichuan airlines","airline_iata":"3u","airline_icao":"csc","flight_number":"3427","flight_iata":"3u3427","flight_icao":"csc3427"}},"aircraft":null,"live":null},{"flight_date":"2025-02-02","flight_status":"scheduled","departure":{"airport":"Xichang","timezone":"Asia\/Shanghai","iata":"XIC","icao":"ZUXC","terminal":null,"gate":"1-4","delay":null,"scheduled":"2025-02-02T13:45:00+00:00","estimated":"2025-02-02T13:45:00+00:00","actual":null,"estimated_runway":null,"actual_runway":null},"arrival":{"airport":"Luzhou","timezone":"Asia\/Shanghai","iata":"LZO","icao":"ZULZ","terminal":"T3","gate":null,"baggage":null,"delay":null,"scheduled":"2025-02-02T14:45:00+00:00","estimated":"2025-02-02T14:45:00+00:00","actual":null,"estimated_runway":null,"actual_runway":null},"airline":{"name":"Xiamen Airlines","iata":"MF","icao":"CXA"},"flight":{"number":"5137","iata":"MF5137","icao":"CXA5137","codeshared":{"airline_name":"sichuan airlines","airline_iata":"3u","airline_icao":"csc","flight_number":"3427","flight_iata":"3u3427","flight_icao":"csc3427"}},"aircraft":null,"live":null},{"flight_date":"2025-02-02","flight_status":"landed","departure":{"airport":"Xichang","timezone":"Asia\/Shanghai","iata":"XIC","icao":"ZUXC","terminal":null,"gate":"1-4","delay":3,"scheduled":"2025-02-02T14:00:00+00:00","estimated":"2025-02-02T14:00:00+00:00","actual":"2025-02-02T14:03:00+00:00","estimated_runway":"2025-02-02T14:03:00+00:00","actual_runway":"2025-02-02T14:03:00+00:00"},"arrival":{"airport":"Beijing Daxing International Airport","timezone":"+8","iata":"PKX","icao":"ZBAD","terminal":"3","gate":null,"baggage":"26","delay":null,"scheduled":"2025-02-02T17:00:00+00:00","estimated":"2025-02-02T17:00:00+00:00","actual":null,"estimated_runway":null,"actual_runway":null},"airline":{"name":"Qingdao Airlines","iata":"QW","icao":"QDA"},"flight":{"number":"6245","iata":"QW6245","icao":"QDA6245","codeshared":null},"aircraft":{"registration":"B-328Y","iata":"A20N","icao":"A20N","icao24":"781D99"},"live":null},{"flight_date":"2025-02-02","flight_status":"scheduled","departure":{"airport":"Xichang","timezone":"Asia\/Shanghai","iata":"XIC","icao":"ZUXC","terminal":null,"gate":"1-4","delay":null,"scheduled":"2025-02-02T13:10:00+00:00","estimated":"2025-02-02T13:10:00+00:00","actual":null,"estimated_runway":null,"actual_runway":null},"arrival":{"airport":"Shuangliu","timezone":"Asia\/Shanghai","iata":"CTU","icao":"ZUUU","terminal":"2","gate":null,"baggage":null,"delay":null,"scheduled":"2025-02-02T14:25:00+00:00","estimated":"2025-02-02T14:25:00+00:00","actual":null,"estimated_runway":null,"actual_runway":null},"airline":{"name":"Xiamen Airlines","iata":"MF","icao":"CXA"},"flight":{"number":"5605","iata":"MF5605","icao":"CXA5605","codeshared":{"airline_name":"sichuan airlines","airline_iata":"3u","airline_icao":"csc","flight_number":"8889","flight_iata":"3u8889","flight_icao":"csc8889"}},"aircraft":null,"live":null},{"flight_date":"2025-02-02","flight_status":"scheduled","departure":{"airport":"Xichang","timezone":"Asia\/Shanghai","iata":"XIC","icao":"ZUXC","terminal":null,"gate":"1-4","delay":null,"scheduled":"2025-02-02T13:10:00+00:00","estimated":"2025-02-02T13:10:00+00:00","actual":null,"estimated_runway":null,"actual_runway":null},"arrival":{"airport":"Shuangliu","timezone":"Asia\/Shanghai","iata":"CTU","icao":"ZUUU","terminal":"2","gate":null,"baggage":null,"delay":null,"scheduled":"2025-02-02T14:25:00+00:00","estimated":"2025-02-02T14:25:00+00:00","actual":null,"estimated_runway":null,"actual_runway":null},"airline":{"name":"Loong Air","iata":"GJ","icao":"CDC"},"flight":{"number":"3477","iata":"GJ3477","icao":"CDC3477","codeshared":{"airline_name":"sichuan airlines","airline_iata":"3u","airline_icao":"csc","flight_number":"8889","flight_iata":"3u8889","flight_icao":"csc8889"}},"aircraft":null,"live":null},{"flight_date":"2025-02-02","flight_status":"scheduled","departure":{"airport":"Xichang","timezone":"Asia\/Shanghai","iata":"XIC","icao":"ZUXC","terminal":null,"gate":"1-4","delay":null,"scheduled":"2025-02-02T13:10:00+00:00","estimated":"2025-02-02T13:10:00+00:00","actual":null,"estimated_runway":null,"actual_runway":null},"arrival":{"airport":"Shuangliu","timezone":"Asia\/Shanghai","iata":"CTU","icao":"ZUUU","terminal":"2","gate":null,"baggage":null,"delay":null,"scheduled":"2025-02-02T14:25:00+00:00","estimated":"2025-02-02T14:25:00+00:00","actual":null,"estimated_runway":null,"actual_runway":null},"airline":{"name":"China Southern Airlines","iata":"CZ","icao":"CSN"},"flight":{"number":"9604","iata":"CZ9604","icao":"CSN9604","codeshared":{"airline_name":"sichuan airlines","airline_iata":"3u","airline_icao":"csc","flight_number":"8889","flight_iata":"3u8889","flight_icao":"csc8889"}},"aircraft":null,"live":null},{"flight_date":"2025-02-02","flight_status":"active","departure":{"airport":"Xichang","timezone":"Asia\/Shanghai","iata":"XIC","icao":"ZUXC","terminal":null,"gate":"1-4","delay":1,"scheduled":"2025-02-02T09:25:00+00:00","estimated":"2025-02-02T09:25:00+00:00","actual":null,"estimated_runway":null,"actual_runway":null},"arrival":{"airport":"Chengdu Tianfu International Airport","timezone":"Asia\/Chongqing","iata":"TFU","icao":"ZUTF","terminal":"2","gate":null,"baggage":null,"delay":null,"scheduled":"2025-02-02T10:25:00+00:00","estimated":"2025-02-02T10:25:00+00:00","actual":null,"estimated_runway":null,"actual_runway":null},"airline":{"name":"Air China LTD","iata":"CA","icao":"CCA"},"flight":{"number":"2564","iata":"CA2564","icao":"CCA2564","codeshared":null},"aircraft":{"registration":"B-6037","iata":"A319","icao":"A319","icao24":"798038"},"live":{"updated":"2025-02-02T02:18:15+00:00","latitude":30.1119,"longitude":104.361,"altitude":1173.48,"direction":20,"speed_horizontal":300.024,"speed_vertical":0,"is_ground":false}},{"flight_date":"2025-02-02","flight_status":"active","departure":{"airport":"Xichang","timezone":"Asia\/Shanghai","iata":"XIC","icao":"ZUXC","terminal":null,"gate":"1-4","delay":1,"scheduled":"2025-02-02T09:25:00+00:00","estimated":"2025-02-02T09:25:00+00:00","actual":null,"estimated_runway":null,"actual_runway":null},"arrival":{"airport":"Chengdu Tianfu International Airport","timezone":"Asia\/Chongqing","iata":"TFU","icao":"ZUTF","terminal":"2","gate":null,"baggage":null,"delay":null,"scheduled":"2025-02-02T10:25:00+00:00","estimated":"2025-02-02T10:25:00+00:00","actual":null,"estimated_runway":null,"actual_runway":null},"airline":{"name":"Shenzhen Airlines","iata":"ZH","icao":"CSZ"},"flight":{"number":"4052","iata":"ZH4052","icao":"CSZ4052","codeshared":{"airline_name":"air china ltd","airline_iata":"ca","airline_icao":"cca","flight_number":"2564","flight_iata":"ca2564","flight_icao":"cca2564"}},"aircraft":null,"live":null},{"flight_date":"2025-02-02","flight_status":"scheduled","departure":{"airport":"Xichang","timezone":"Asia\/Shanghai","iata":"XIC","icao":"ZUXC","terminal":null,"gate":"1-4","delay":null,"scheduled":"2025-02-02T13:10:00+00:00","estimated":"2025-02-02T13:10:00+00:00","actual":null,"estimated_runway":null,"actual_runway":null},"arrival":{"airport":"Shuangliu","timezone":"Asia\/Shanghai","iata":"CTU","icao":"ZUUU","terminal":"2","gate":null,"baggage":null,"delay":null,"scheduled":"2025-02-02T14:25:00+00:00","estimated":"2025-02-02T14:25:00+00:00","actual":null,"estimated_runway":null,"actual_runway":null},"airline":{"name":"Sichuan Airlines","iata":"3U","icao":"CSC"},"flight":{"number":"8889","iata":"3U8889","icao":"CSC8889","codeshared":null},"aircraft":{"registration":"B-300A","iata":"A321","icao":"A321","icao24":"781404"},"live":{"updated":"2025-02-02T06:25:17+00:00","latitude":30.5461,"longitude":103.932,"altitude":563.88,"direction":21,"speed_horizontal":253.724,"speed_vertical":0,"is_ground":false}},{"flight_date":"2025-02-02","flight_status":"scheduled","departure":{"airport":"Chiang Mai International","timezone":"Asia\/Bangkok","iata":"CNX","icao":"VTCC","terminal":null,"gate":"14","delay":null,"scheduled":"2025-02-02T11:50:00+00:00","estimated":"2025-02-02T11:50:00+00:00","actual":null,"estimated_runway":null,"actual_runway":null},"arrival":{"airport":"Suvarnabhumi International","timezone":"Asia\/Bangkok","iata":"BKK","icao":"VTBS","terminal":"MAIN","gate":null,"baggage":null,"delay":null,"scheduled":"2025-02-02T13:05:00+00:00","estimated":"2025-02-02T13:05:00+00:00","actual":null,"estimated_runway":null,"actual_runway":null},"airline":{"name":"Thai Vietjet Air","iata":"VZ","icao":"TVJ"},"flight":{"number":"103","iata":"VZ103","icao":"TVJ103","codeshared":null},"aircraft":{"registration":"HS-VKR","iata":"A321","icao":"A321","icao24":"885972"},"live":{"updated":"2025-02-02T07:07:15+00:00","latitude":13.7131,"longitude":100.767,"altitude":175.26,"direction":194,"speed_horizontal":255.576,"speed_vertical":0,"is_ground":false}},{"flight_date":"2025-02-02","flight_status":"landed","departure":{"airport":"Zia International","timezone":"Asia\/Dhaka","iata":"DAC","icao":"VGHS","terminal":"1","gate":null,"delay":null,"scheduled":"2025-02-02T09:15:00+00:00","estimated":"2025-02-02T09:15:00+00:00","actual":null,"estimated_runway":null,"actual_runway":null},"arrival":{"airport":"Suvarnabhumi International","timezone":"Asia\/Bangkok","iata":"BKK","icao":"VTBS","terminal":"MAIN","gate":null,"baggage":null,"delay":null,"scheduled":"2025-02-02T13:05:00+00:00","estimated":"2025-02-02T13:05:00+00:00","actual":null,"estimated_runway":null,"actual_runway":null},"airline":{"name":"US-Bangla Airlines","iata":"BS","icao":"UBG"},"flight":{"number":"217","iata":"BS217","icao":"UBG217","codeshared":null},"aircraft":{"registration":"S2-AJF","iata":"B738","icao":"B738","icao24":"7020AC"},"live":null},{"flight_date":"2025-02-02","flight_status":"scheduled","departure":{"airport":"Chengdu Tianfu International Airport","timezone":"Asia\/Chongqing","iata":"TFU","icao":"ZUTF","terminal":"1","gate":"C,D","delay":null,"scheduled":"2025-02-02T10:35:00+00:00","estimated":"2025-02-02T10:35:00+00:00","actual":null,"estimated_runway":null,"actual_runway":null},"arrival":{"airport":"Suvarnabhumi International","timezone":"Asia\/Bangkok","iata":"BKK","icao":"VTBS","terminal":"MAIN","gate":null,"baggage":null,"delay":null,"scheduled":"2025-02-02T12:45:00+00:00","estimated":"2025-02-02T12:45:00+00:00","actual":null,"estimated_runway":null,"actual_runway":null},"airline":{"name":"Spring Airlines","iata":"9C","icao":"CQH"},"flight":{"number":"7501","iata":"9C7501","icao":"CQH7501","codeshared":null},"aircraft":{"registration":"B-328J","iata":"A20N","icao":"A20N","icao24":"781D40"},"live":{"updated":"2025-02-02T05:35:15+00:00","latitude":13.8119,"longitude":100.793,"altitude":731.52,"direction":194,"speed_horizontal":303.728,"speed_vertical":0,"is_ground":false}},{"flight_date":"2025-02-02","flight_status":"scheduled","departure":{"airport":"Chengdu Tianfu International Airport","timezone":"Asia\/Chongqing","iata":"TFU","icao":"ZUTF","terminal":"1","gate":"C","delay":null,"scheduled":"2025-02-02T10:10:00+00:00","estimated":"2025-02-02T10:10:00+00:00","actual":null,"estimated_runway":null,"actual_runway":null},"arrival":{"airport":"Suvarnabhumi International","timezone":"Asia\/Bangkok","iata":"BKK","icao":"VTBS","terminal":"MAIN","gate":null,"baggage":null,"delay":null,"scheduled":"2025-02-02T12:30:00+00:00","estimated":"2025-02-02T12:30:00+00:00","actual":null,"estimated_runway":null,"actual_runway":null},"airline":{"name":"Air China LTD","iata":"CA","icao":"CCA"},"flight":{"number":"465","iata":"CA465","icao":"CCA465","codeshared":null},"aircraft":{"registration":"B-322K","iata":"A20N","icao":"A20N","icao24":"781B2E"},"live":{"updated":"2025-02-02T05:19:27+00:00","latitude":13.6903,"longitude":100.743,"altitude":0,"direction":14,"speed_horizontal":0,"speed_vertical":0,"is_ground":true}},{"flight_date":"2025-02-02","flight_status":"scheduled","departure":{"airport":"Da Nang","timezone":"Asia\/Ho_Chi_Minh","iata":"DAD","icao":"VVDN","terminal":"2","gate":null,"delay":null,"scheduled":"2025-02-02T10:40:00+00:00","estimated":"2025-02-02T10:40:00+00:00","actual":null,"estimated_runway":null,"actual_runway":null},"arrival":{"airport":"Suvarnabhumi International","timezone":"Asia\/Bangkok","iata":"BKK","icao":"VTBS","terminal":"MAIN","gate":null,"baggage":null,"delay":null,"scheduled":"2025-02-02T12:25:00+00:00","estimated":"2025-02-02T12:25:00+00:00","actual":null,"estimated_runway":null,"actual_runway":null},"airline":{"name":"Thai Vietjet Air","iata":"VZ","icao":"TVJ"},"flight":{"number":"965","iata":"VZ965","icao":"TVJ965","codeshared":null},"aircraft":{"registration":"HS-VKQ","iata":"A320","icao":"A320","icao24":"885971"},"live":{"updated":"2025-02-02T05:20:01+00:00","latitude":13.6755,"longitude":100.756,"altitude":0,"direction":216,"speed_horizontal":62.968,"speed_vertical":0,"is_ground":true}},{"flight_date":"2025-02-02","flight_status":"scheduled","departure":{"airport":"Koh Samui","timezone":"Asia\/Bangkok","iata":"USM","icao":"VTSM","terminal":null,"gate":null,"delay":12,"scheduled":"2025-02-02T10:50:00+00:00","estimated":"2025-02-02T10:50:00+00:00","actual":"2025-02-02T11:01:00+00:00","estimated_runway":"2025-02-02T11:01:00+00:00","actual_runway":"2025-02-02T11:01:00+00:00"},"arrival":{"airport":"Suvarnabhumi International","timezone":"Asia\/Bangkok","iata":"BKK","icao":"VTBS","terminal":"MAIN","gate":null,"baggage":"2","delay":1,"scheduled":"2025-02-02T12:25:00+00:00","estimated":"2025-02-02T12:25:00+00:00","actual":null,"estimated_runway":null,"actual_runway":null},"airline":{"name":"Bangkok Airways","iata":"PG","icao":"BKP"},"flight":{"number":"1136","iata":"PG1136","icao":"BKP1136","codeshared":null},"aircraft":{"registration":"HS-PZG","iata":"AT76","icao":"AT76","icao24":"884347"},"live":{"updated":"2025-02-02T05:29:11+00:00","latitude":13.6949,"longitude":100.76,"altitude":0,"direction":306,"speed_horizontal":25.928,"speed_vertical":0,"is_ground":true}},{"flight_date":"2025-02-02","flight_status":"scheduled","departure":{"airport":"Shanghai Pudong International","timezone":"Asia\/Shanghai","iata":"PVG","icao":"ZSPD","terminal":"1","gate":"18","delay":12,"scheduled":"2025-02-02T08:35:00+00:00","estimated":"2025-02-02T08:35:00+00:00","actual":null,"estimated_runway":null,"actual_runway":null},"arrival":{"airport":"Suvarnabhumi International","timezone":"Asia\/Bangkok","iata":"BKK","icao":"VTBS","terminal":"MAIN","gate":null,"baggage":"8","delay":null,"scheduled":"2025-02-02T12:20:00+00:00","estimated":"2025-02-02T12:20:00+00:00","actual":null,"estimated_runway":null,"actual_runway":null},"airline":{"name":"China Eastern Airlines","iata":"MU","icao":"CES"},"flight":{"number":"541","iata":"MU541","icao":"CES541","codeshared":null},"aircraft":{"registration":"B-8226","iata":"A332","icao":"A332","icao24":"78028E"},"live":{"updated":"2025-02-02T05:05:15+00:00","latitude":14.0234,"longitude":100.849,"altitude":967.74,"direction":194,"speed_horizontal":361.14,"speed_vertical":0,"is_ground":false}},{"flight_date":"2025-02-02","flight_status":"scheduled","departure":{"airport":"Fontanarossa","timezone":"Europe\/Rome","iata":"CTA","icao":"LICC","terminal":null,"gate":"11","delay":13,"scheduled":"2025-02-02T06:05:00+00:00","estimated":"2025-02-02T06:05:00+00:00","actual":null,"estimated_runway":null,"actual_runway":null},"arrival":{"airport":"Leonardo Da Vinci (Fiumicino)","timezone":"Europe\/Rome","iata":"FCO","icao":"LIRF","terminal":"1","gate":null,"baggage":"28","delay":null,"scheduled":"2025-02-02T07:30:00+00:00","estimated":"2025-02-02T07:30:00+00:00","actual":null,"estimated_runway":null,"actual_runway":null},"airline":{"name":"Air France","iata":"AF","icao":"AFR"},"flight":{"number":"9760","iata":"AF9760","icao":"AFR9760","codeshared":{"airline_name":"ita airways","airline_iata":"az","airline_icao":"ity","flight_number":"1722","flight_iata":"az1722","flight_icao":"ity1722"}},"aircraft":null,"live":null},{"flight_date":"2025-02-02","flight_status":"landed","departure":{"airport":"Shanghai Pudong International","timezone":"Asia\/Shanghai","iata":"PVG","icao":"ZSPD","terminal":"2","gate":"J19","delay":10,"scheduled":"2025-02-02T09:05:00+00:00","estimated":"2025-02-02T09:05:00+00:00","actual":null,"estimated_runway":null,"actual_runway":null},"arrival":{"airport":"Suvarnabhumi International","timezone":"Asia\/Bangkok","iata":"BKK","icao":"VTBS","terminal":"MAIN","gate":null,"baggage":"11","delay":null,"scheduled":"2025-02-02T12:50:00+00:00","estimated":"2025-02-02T12:50:00+00:00","actual":null,"estimated_runway":null,"actual_runway":null},"airline":{"name":"Spring Airlines","iata":"9C","icao":"CQH"},"flight":{"number":"8755","iata":"9C8755","icao":"CQH8755","codeshared":null},"aircraft":{"registration":"B-321F","iata":"A21N","icao":"A21N","icao24":"781A9B"},"live":null},{"flight_date":"2025-02-02","flight_status":"landed","departure":{"airport":"Gonggar\/Lhasa","timezone":"Asia\/Shanghai","iata":"LXA","icao":"ZULS","terminal":"T3","gate":"102","delay":8,"scheduled":"2025-02-02T08:10:00+00:00","estimated":"2025-02-02T08:10:00+00:00","actual":"2025-02-02T08:18:00+00:00","estimated_runway":"2025-02-02T08:18:00+00:00","actual_runway":"2025-02-02T08:18:00+00:00"},"arrival":{"airport":"Xining","timezone":"Asia\/Shanghai","iata":"XNN","icao":"ZLXN","terminal":"T2","gate":null,"baggage":"1","delay":null,"scheduled":"2025-02-02T10:10:00+00:00","estimated":"2025-02-02T10:10:00+00:00","actual":"2025-02-02T09:57:00+00:00","estimated_runway":"2025-02-02T09:57:00+00:00","actual_runway":"2025-02-02T09:57:00+00:00"},"airline":{"name":"Chengdu Airlines","iata":"EU","icao":"UEA"},"flight":{"number":"7783","iata":"EU7783","icao":"UEA7783","codeshared":{"airline_name":"tibet airlines","airline_iata":"tv","airline_icao":"tba","flight_number":"9873","flight_iata":"tv9873","flight_icao":"tba9873"}},"aircraft":null,"live":null},{"flight_date":"2025-02-02","flight_status":"scheduled","departure":{"airport":"Krabi","timezone":"Asia\/Bangkok","iata":"KBV","icao":"VTSG","terminal":null,"gate":null,"delay":null,"scheduled":"2025-02-02T09:00:00+00:00","estimated":"2025-02-02T09:00:00+00:00","actual":null,"estimated_runway":null,"actual_runway":null},"arrival":{"airport":"Suvarnabhumi International","timezone":"Asia\/Bangkok","iata":"BKK","icao":"VTBS","terminal":"MAIN","gate":null,"baggage":"4","delay":null,"scheduled":"2025-02-02T10:25:00+00:00","estimated":"2025-02-02T10:25:00+00:00","actual":null,"estimated_runway":null,"actual_runway":null},"airline":{"name":"Thai Vietjet Air","iata":"VZ","icao":"TVJ"},"flight":{"number":"341","iata":"VZ341","icao":"TVJ341","codeshared":null},"aircraft":{"registration":"HS-VKC","iata":"A320","icao":"A320","icao24":"885963"},"live":{"updated":"2025-02-02T03:14:52+00:00","latitude":13.8969,"longitude":100.904,"altitude":1653.54,"direction":15.28,"speed_horizontal":372.456,"speed_vertical":-14.04,"is_ground":false}},{"flight_date":"2025-02-02","flight_status":"active","departure":{"airport":"Irkutsk","timezone":"Asia\/Irkutsk","iata":"IKT","icao":"UIII","terminal":null,"gate":null,"delay":48,"scheduled":"2025-02-02T05:05:00+00:00","estimated":"2025-02-02T05:05:00+00:00","actual":"2025-02-02T05:52:00+00:00","estimated_runway":"2025-02-02T05:52:00+00:00","actual_runway":"2025-02-02T05:52:00+00:00"},"arrival":{"airport":"Suvarnabhumi International","timezone":"Asia\/Bangkok","iata":"BKK","icao":"VTBS","terminal":"MAIN","gate":null,"baggage":null,"delay":15,"scheduled":"2025-02-02T10:25:00+00:00","estimated":"2025-02-02T10:25:00+00:00","actual":null,"estimated_runway":null,"actual_runway":null},"airline":{"name":"S7 Airlines","iata":"S7","icao":"SBI"},"flight":{"number":"6307","iata":"S76307","icao":"SBI6307","codeshared":null},"aircraft":{"registration":"RA-73668","iata":"B738","icao":"B738","icao24":"151FC4"},"live":{"updated":"2025-02-02T03:57:16+00:00","latitude":13.6861,"longitude":100.744,"altitude":0,"direction":284,"speed_horizontal":1.852,"speed_vertical":0,"is_ground":true}},{"flight_date":"2025-02-02","flight_status":"scheduled","departure":{"airport":"Sukhothai","timezone":"Asia\/Bangkok","iata":"THS","icao":"VTPO","terminal":null,"gate":null,"delay":null,"scheduled":"2025-02-02T08:50:00+00:00","estimated":"2025-02-02T08:50:00+00:00","actual":null,"estimated_runway":null,"actual_runway":null},"arrival":{"airport":"Suvarnabhumi International","timezone":"Asia\/Bangkok","iata":"BKK","icao":"VTBS","terminal":"MAIN","gate":null,"baggage":"1","delay":null,"scheduled":"2025-02-02T10:10:00+00:00","estimated":"2025-02-02T10:10:00+00:00","actual":null,"estimated_runway":null,"actual_runway":null},"airline":{"name":"Bangkok Airways","iata":"PG","icao":"BKP"},"flight":{"number":"212","iata":"PG212","icao":"BKP212","codeshared":null},"aircraft":{"registration":"HS-PZK","iata":"AT76","icao":"AT76","icao24":"88434B"},"live":{"updated":"2025-02-02T03:17:15+00:00","latitude":13.7236,"longitude":100.748,"altitude":144.78,"direction":193,"speed_horizontal":209.276,"speed_vertical":0,"is_ground":false}},{"flight_date":"2025-02-02","flight_status":"scheduled","departure":{"airport":"Sukhothai","timezone":"Asia\/Bangkok","iata":"THS","icao":"VTPO","terminal":null,"gate":null,"delay":null,"scheduled":"2025-02-02T08:50:00+00:00","estimated":"2025-02-02T08:50:00+00:00","actual":null,"estimated_runway":null,"actual_runway":null},"arrival":{"airport":"Suvarnabhumi International","timezone":"Asia\/Bangkok","iata":"BKK","icao":"VTBS","terminal":"MAIN","gate":null,"baggage":"1","delay":null,"scheduled":"2025-02-02T10:10:00+00:00","estimated":"2025-02-02T10:10:00+00:00","actual":null,"estimated_runway":null,"actual_runway":null},"airline":{"name":"Philippine Airlines","iata":"PR","icao":"PAL"},"flight":{"number":"3715","iata":"PR3715","icao":"PAL3715","codeshared":{"airline_name":"bangkok airways","airline_iata":"pg","airline_icao":"bkp","flight_number":"212","flight_iata":"pg212","flight_icao":"bkp212"}},"aircraft":null,"live":null},{"flight_date":"2025-02-02","flight_status":"scheduled","departure":{"airport":"Sukhothai","timezone":"Asia\/Bangkok","iata":"THS","icao":"VTPO","terminal":null,"gate":null,"delay":null,"scheduled":"2025-02-02T08:50:00+00:00","estimated":"2025-02-02T08:50:00+00:00","actual":null,"estimated_runway":null,"actual_runway":null},"arrival":{"airport":"Suvarnabhumi International","timezone":"Asia\/Bangkok","iata":"BKK","icao":"VTBS","terminal":"MAIN","gate":null,"baggage":"1","delay":null,"scheduled":"2025-02-02T10:10:00+00:00","estimated":"2025-02-02T10:10:00+00:00","actual":null,"estimated_runway":null,"actual_runway":null},"airline":{"name":"Qantas","iata":"QF","icao":"QFA"},"flight":{"number":"3441","iata":"QF3441","icao":"QFA3441","codeshared":{"airline_name":"bangkok airways","airline_iata":"pg","airline_icao":"bkp","flight_number":"212","flight_iata":"pg212","flight_icao":"bkp212"}},"aircraft":null,"live":null}]}